[     208ms] [INFO] %cDownload the React DevTools for a better development experience: https://react.dev/link/react-devtools font-weight:bold @ http://localhost:3002/_next/static/chunks/node_modules_next_dist_115brz8._.js:2431
[     236ms] [LOG] [HMR] connected @ http://localhost:3002/_next/static/chunks/node_modules_next_dist_115brz8._.js:2431
[     416ms] [LOG] [Rankings] query state: "" players: 0 @ http://localhost:3002/_next/static/chunks/node_modules_next_dist_115brz8._.js:2431
[     416ms] [LOG] [Rankings] useMemo filter running, q: "" @ http://localhost:3002/_next/static/chunks/node_modules_next_dist_115brz8._.js:2431
[     416ms] [LOG] [Rankings] useMemo filter running, q: "" @ http://localhost:3002/_next/static/chunks/node_modules_next_dist_115brz8._.js:2431
[     417ms] [LOG] [Rankings] query state: "" players: 0 @ http://localhost:3002/_next/static/chunks/node_modules_next_dist_115brz8._.js:2431
[     446ms] [LOG] %c[Vercel Web Analytics]%c Debug mode is enabled by default in development. No requests will be sent to the server. color: rgb(120, 120, 120) color: inherit @ http://localhost:3002/_next/static/chunks/node_modules_next_dist_115brz8._.js:2431
[     446ms] [LOG] %c[Vercel Web Analytics]%c [view] http://localhost:3002/rankings color: rgb(120, 120, 120) color: inherit {o: http://localhost:3002/rankings, sv: 0.1.3, sdkn: @vercel/analytics/react, sdkv: 2.0.1, ts: 1776256952256} /_vercel/insights/view @ http://localhost:3002/_next/static/chunks/node_modules_next_dist_115brz8._.js:2431
[     509ms] [LOG] [Fast Refresh] rebuilding @ http://localhost:3002/_next/static/chunks/node_modules_next_dist_115brz8._.js:2431
[     593ms] [LOG] [Fast Refresh] done in 185ms @ http://localhost:3002/_next/static/chunks/node_modules_next_dist_115brz8._.js:2431
[     712ms] [LOG] [Rankings] query state: "" players: 1000 @ http://localhost:3002/_next/static/chunks/node_modules_next_dist_115brz8._.js:2431
[     712ms] [LOG] [Rankings] useMemo filter running, q: "" @ http://localhost:3002/_next/static/chunks/node_modules_next_dist_115brz8._.js:2431
[     712ms] [LOG] [Rankings] useMemo filter running, q: "" @ http://localhost:3002/_next/static/chunks/node_modules_next_dist_115brz8._.js:2431
[     714ms] [LOG] [Rankings] query state: "" players: 1000 @ http://localhost:3002/_next/static/chunks/node_modules_next_dist_115brz8._.js:2431
[     807ms] [LOG] [Rankings] query state: "" players: 1000 @ http://localhost:3002/_next/static/chunks/node_modules_next_dist_115brz8._.js:2431
[     809ms] [LOG] [Rankings] query state: "" players: 1000 @ http://localhost:3002/_next/static/chunks/node_modules_next_dist_115brz8._.js:2431
[    7395ms] [LOG] [Rankings] query state: "" players: 1000 @ http://localhost:3002/_next/static/chunks/node_modules_next_dist_115brz8._.js:2431
[    7397ms] [LOG] [Rankings] query state: "" players: 1000 @ http://localhost:3002/_next/static/chunks/node_modules_next_dist_115brz8._.js:2431
[    7453ms] [LOG] [Rankings] query state: "" players: 1000 @ http://localhost:3002/_next/static/chunks/node_modules_next_dist_115brz8._.js:2431
[    7456ms] [LOG] [Rankings] query state: "" players: 1000 @ http://localhost:3002/_next/static/chunks/node_modules_next_dist_115brz8._.js:2431
[    7789ms] [LOG] [Rankings] query state: "t" players: 1000 @ http://localhost:3002/_next/static/chunks/node_modules_next_dist_115brz8._.js:2431
[    7789ms] [LOG] [Rankings] useMemo filter running, q: "t" @ http://localhost:3002/_next/static/chunks/node_modules_next_dist_115brz8._.js:2431
[    7790ms] [LOG] [Rankings] useMemo filter running, q: "t" @ http://localhost:3002/_next/static/chunks/node_modules_next_dist_115brz8._.js:2431
[    7803ms] [LOG] [Rankings] query state: "t" players: 1000 @ http://localhost:3002/_next/static/chunks/node_modules_next_dist_115brz8._.js:2431
[    8103ms] [LOG] [Rankings] query state: "" players: 1000 @ http://localhost:3002/_next/static/chunks/node_modules_next_dist_115brz8._.js:2431
[    8103ms] [LOG] [Rankings] useMemo filter running, q: "" @ http://localhost:3002/_next/static/chunks/node_modules_next_dist_115brz8._.js:2431
[    8103ms] [LOG] [Rankings] useMemo filter running, q: "" @ http://localhost:3002/_next/static/chunks/node_modules_next_dist_115brz8._.js:2431
[    8104ms] [LOG] [Rankings] query state: "" players: 1000 @ http://localhost:3002/_next/static/chunks/node_modules_next_dist_115brz8._.js:2431
[    8148ms] [LOG] [Rankings] query state: "" players: 1000 @ http://localhost:3002/_next/static/chunks/node_modules_next_dist_115brz8._.js:2431
[    8149ms] [LOG] [Rankings] query state: "" players: 1000 @ http://localhost:3002/_next/static/chunks/node_modules_next_dist_115brz8._.js:2431
[    8165ms] [ERROR] Failed to load resource: the server responded with a status of 404 (Not Found) @ http://localhost:3002/flags/ne.png:0
[    8222ms] [ERROR] Failed to load resource: the server responded with a status of 404 (Not Found) @ http://localhost:3002/flags/hk.png:0
[    8224ms] [LOG] [Rankings] query state: "t" players: 1000 @ http://localhost:3002/_next/static/chunks/node_modules_next_dist_115brz8._.js:2431
[    8224ms] [LOG] [Rankings] useMemo filter running, q: "t" @ http://localhost:3002/_next/static/chunks/node_modules_next_dist_115brz8._.js:2431
[    8225ms] [LOG] [Rankings] useMemo filter running, q: "t" @ http://localhost:3002/_next/static/chunks/node_modules_next_dist_115brz8._.js:2431
[    8226ms] [LOG] [Rankings] query state: "t" players: 1000 @ http://localhost:3002/_next/static/chunks/node_modules_next_dist_115brz8._.js:2431
[    8379ms] [LOG] [Rankings] query state: "ta" players: 1000 @ http://localhost:3002/_next/static/chunks/node_modules_next_dist_115brz8._.js:2431
[    8379ms] [LOG] [Rankings] useMemo filter running, q: "ta" @ http://localhost:3002/_next/static/chunks/node_modules_next_dist_115brz8._.js:2431
[    8379ms] [LOG] [Rankings] useMemo filter running, q: "ta" @ http://localhost:3002/_next/static/chunks/node_modules_next_dist_115brz8._.js:2431
[    8380ms] [LOG] [Rankings] query state: "ta" players: 1000 @ http://localhost:3002/_next/static/chunks/node_modules_next_dist_115brz8._.js:2431
[    8417ms] [ERROR] Failed to load resource: the server responded with a status of 404 (Not Found) @ http://localhost:3002/flags/gr.png:0
[    8418ms] [ERROR] Failed to load resource: the server responded with a status of 404 (Not Found) @ http://localhost:3002/flags/lt.png:0
[    8418ms] [ERROR] Failed to load resource: the server responded with a status of 404 (Not Found) @ http://localhost:3002/flags/bo.png:0
[    8418ms] [ERROR] Failed to load resource: the server responded with a status of 404 (Not Found) @ http://localhost:3002/flags/tu.png:0
[    8419ms] [LOG] [Rankings] query state: "" players: 1000 @ http://localhost:3002/_next/static/chunks/node_modules_next_dist_115brz8._.js:2431
[    8419ms] [LOG] [Rankings] useMemo filter running, q: "" @ http://localhost:3002/_next/static/chunks/node_modules_next_dist_115brz8._.js:2431
[    8419ms] [LOG] [Rankings] useMemo filter running, q: "" @ http://localhost:3002/_next/static/chunks/node_modules_next_dist_115brz8._.js:2431
[    8421ms] [LOG] [Rankings] query state: "" players: 1000 @ http://localhost:3002/_next/static/chunks/node_modules_next_dist_115brz8._.js:2431
[    8459ms] [ERROR] Failed to load resource: the server responded with a status of 404 (Not Found) @ http://localhost:3002/flags/ka.png:0
[    8464ms] [LOG] [Fast Refresh] rebuilding @ http://localhost:3002/_next/static/chunks/node_modules_next_dist_115brz8._.js:2431
[    8467ms] [LOG] [Fast Refresh] done in 251ms @ http://localhost:3002/_next/static/chunks/node_modules_next_dist_115brz8._.js:2431
[    8471ms] [LOG] [Rankings] query state: "" players: 1000 @ http://localhost:3002/_next/static/chunks/node_modules_next_dist_115brz8._.js:2431
[    8473ms] [LOG] [Rankings] query state: "" players: 1000 @ http://localhost:3002/_next/static/chunks/node_modules_next_dist_115brz8._.js:2431
[    8497ms] [ERROR] Failed to load resource: the server responded with a status of 404 (Not Found) @ http://localhost:3002/flags/lb.png:0
[    8512ms] [ERROR] Failed to load resource: the server responded with a status of 404 (Not Found) @ http://localhost:3002/flags/md.png:0
[    8529ms] [ERROR] Failed to load resource: the server responded with a status of 404 (Not Found) @ http://localhost:3002/flags/cy.png:0
[    8566ms] [LOG] [Rankings] query state: "ta" players: 1000 @ http://localhost:3002/_next/static/chunks/node_modules_next_dist_115brz8._.js:2431
[    8566ms] [LOG] [Rankings] useMemo filter running, q: "ta" @ http://localhost:3002/_next/static/chunks/node_modules_next_dist_115brz8._.js:2431
[    8567ms] [LOG] [Rankings] useMemo filter running, q: "ta" @ http://localhost:3002/_next/static/chunks/node_modules_next_dist_115brz8._.js:2431
[    8571ms] [LOG] [Rankings] query state: "ta" players: 1000 @ http://localhost:3002/_next/static/chunks/node_modules_next_dist_115brz8._.js:2431
[    8705ms] [LOG] [Rankings] query state: "tap" players: 1000 @ http://localhost:3002/_next/static/chunks/node_modules_next_dist_115brz8._.js:2431
[    8705ms] [LOG] [Rankings] useMemo filter running, q: "tap" @ http://localhost:3002/_next/static/chunks/node_modules_next_dist_115brz8._.js:2431
[    8705ms] [LOG] [Rankings] useMemo filter running, q: "tap" @ http://localhost:3002/_next/static/chunks/node_modules_next_dist_115brz8._.js:2431
[    8706ms] [LOG] [Rankings] query state: "tap" players: 1000 @ http://localhost:3002/_next/static/chunks/node_modules_next_dist_115brz8._.js:2431
[    8711ms] [ERROR] Failed to load resource: the server responded with a status of 404 (Not Found) @ http://localhost:3002/flags/tn.png:0
[    8711ms] [ERROR] Failed to load resource: the server responded with a status of 404 (Not Found) @ http://localhost:3002/flags/al.png:0
[    8712ms] [ERROR] Failed to load resource: the server responded with a status of 404 (Not Found) @ http://localhost:3002/flags/ne.png:0
[    8712ms] [LOG] [Rankings] query state: "" players: 1000 @ http://localhost:3002/_next/static/chunks/node_modules_next_dist_115brz8._.js:2431
[    8713ms] [LOG] [Rankings] useMemo filter running, q: "" @ http://localhost:3002/_next/static/chunks/node_modules_next_dist_115brz8._.js:2431
[    8713ms] [LOG] [Rankings] useMemo filter running, q: "" @ http://localhost:3002/_next/static/chunks/node_modules_next_dist_115brz8._.js:2431
[    8713ms] [LOG] [Rankings] query state: "" players: 1000 @ http://localhost:3002/_next/static/chunks/node_modules_next_dist_115brz8._.js:2431
[    8733ms] [LOG] [Rankings] query state: "" players: 1000 @ http://localhost:3002/_next/static/chunks/node_modules_next_dist_115brz8._.js:2431
[    8733ms] [LOG] [Rankings] query state: "" players: 1000 @ http://localhost:3002/_next/static/chunks/node_modules_next_dist_115brz8._.js:2431
[    8807ms] [ERROR] Failed to load resource: the server responded with a status of 404 (Not Found) @ http://localhost:3002/flags/lt.png:0
[    8808ms] [ERROR] Failed to load resource: the server responded with a status of 404 (Not Found) @ http://localhost:3002/flags/bo.png:0
[    8812ms] [ERROR] Failed to load resource: the server responded with a status of 404 (Not Found) @ http://localhost:3002/flags/tu.png:0
[    8813ms] [ERROR] Failed to load resource: the server responded with a status of 404 (Not Found) @ http://localhost:3002/flags/md.png:0
[    8862ms] [LOG] [Rankings] query state: "tap" players: 1000 @ http://localhost:3002/_next/static/chunks/node_modules_next_dist_115brz8._.js:2431
[    8862ms] [LOG] [Rankings] useMemo filter running, q: "tap" @ http://localhost:3002/_next/static/chunks/node_modules_next_dist_115brz8._.js:2431
[    8862ms] [LOG] [Rankings] useMemo filter running, q: "tap" @ http://localhost:3002/_next/static/chunks/node_modules_next_dist_115brz8._.js:2431
[    8863ms] [LOG] [Rankings] query state: "tap" players: 1000 @ http://localhost:3002/_next/static/chunks/node_modules_next_dist_115brz8._.js:2431
[    8866ms] [LOG] [Rankings] query state: "" players: 1000 @ http://localhost:3002/_next/static/chunks/node_modules_next_dist_115brz8._.js:2431
[    8866ms] [LOG] [Rankings] useMemo filter running, q: "" @ http://localhost:3002/_next/static/chunks/node_modules_next_dist_115brz8._.js:2431
[    8866ms] [LOG] [Rankings] useMemo filter running, q: "" @ http://localhost:3002/_next/static/chunks/node_modules_next_dist_115brz8._.js:2431
[    8866ms] [LOG] [Rankings] query state: "" players: 1000 @ http://localhost:3002/_next/static/chunks/node_modules_next_dist_115brz8._.js:2431
[    8885ms] [LOG] [Rankings] query state: "" players: 1000 @ http://localhost:3002/_next/static/chunks/node_modules_next_dist_115brz8._.js:2431
[    8885ms] [LOG] [Rankings] query state: "" players: 1000 @ http://localhost:3002/_next/static/chunks/node_modules_next_dist_115brz8._.js:2431
[   42052ms] [LOG] [Fast Refresh] rebuilding @ http://localhost:3002/_next/static/chunks/node_modules_next_dist_115brz8._.js:2431
[   42064ms] [LOG] [Rankings] query state: "" players: 1000 @ http://localhost:3002/_next/static/chunks/node_modules_next_dist_115brz8._.js:2431
[   42064ms] [LOG] [Rankings] useMemo filter running, q: "" @ http://localhost:3002/_next/static/chunks/node_modules_next_dist_115brz8._.js:2431
[   42064ms] [LOG] [Rankings] useMemo filter running, q: "" @ http://localhost:3002/_next/static/chunks/node_modules_next_dist_115brz8._.js:2431
[   42067ms] [LOG] [Rankings] query state: "" players: 1000 @ http://localhost:3002/_next/static/chunks/node_modules_next_dist_115brz8._.js:2431
[   42132ms] [LOG] [Fast Refresh] done in 105ms @ http://localhost:3002/_next/static/chunks/node_modules_next_dist_115brz8._.js:2431
[   42132ms] [LOG] [Rankings] query state: "" players: 1000 @ http://localhost:3002/_next/static/chunks/node_modules_next_dist_115brz8._.js:2431
[   42134ms] [LOG] [Rankings] query state: "" players: 1000 @ http://localhost:3002/_next/static/chunks/node_modules_next_dist_115brz8._.js:2431
[   42163ms] [LOG] [Rankings] query state: "" players: 1000 @ http://localhost:3002/_next/static/chunks/node_modules_next_dist_115brz8._.js:2431
[   42164ms] [LOG] [Rankings] query state: "" players: 1000 @ http://localhost:3002/_next/static/chunks/node_modules_next_dist_115brz8._.js:2431
[   42402ms] [LOG] [Rankings] query state: "" players: 1000 @ http://localhost:3002/_next/static/chunks/node_modules_next_dist_115brz8._.js:2431
[   42402ms] [LOG] [Rankings] useMemo filter running, q: "" @ http://localhost:3002/_next/static/chunks/node_modules_next_dist_115brz8._.js:2431
[   42402ms] [LOG] [Rankings] useMemo filter running, q: "" @ http://localhost:3002/_next/static/chunks/node_modules_next_dist_115brz8._.js:2431
[   42404ms] [LOG] [Rankings] query state: "" players: 1000 @ http://localhost:3002/_next/static/chunks/node_modules_next_dist_115brz8._.js:2431
[   42460ms] [LOG] [Rankings] query state: "" players: 1000 @ http://localhost:3002/_next/static/chunks/node_modules_next_dist_115brz8._.js:2431
[   42464ms] [LOG] [Rankings] query state: "" players: 1000 @ http://localhost:3002/_next/static/chunks/node_modules_next_dist_115brz8._.js:2431
[   97132ms] [LOG] [Fast Refresh] rebuilding @ http://localhost:3002/_next/static/chunks/node_modules_next_dist_115brz8._.js:2431
[   97182ms] [LOG] [Rankings] query state: "" players: 1000 @ http://localhost:3002/_next/static/chunks/node_modules_next_dist_115brz8._.js:2431
[   97184ms] [LOG] [Rankings] useMemo filter running, q: "" @ http://localhost:3002/_next/static/chunks/node_modules_next_dist_115brz8._.js:2431
[   97184ms] [LOG] [Rankings] useMemo filter running, q: "" @ http://localhost:3002/_next/static/chunks/node_modules_next_dist_115brz8._.js:2431
[   97190ms] [LOG] [Rankings] query state: "" players: 1000 @ http://localhost:3002/_next/static/chunks/node_modules_next_dist_115brz8._.js:2431
[   97280ms] [LOG] [Fast Refresh] done in 146ms @ http://localhost:3002/_next/static/chunks/node_modules_next_dist_115brz8._.js:2431
[   97281ms] [LOG] [Rankings] query state: "" players: 1000 @ http://localhost:3002/_next/static/chunks/node_modules_next_dist_115brz8._.js:2431
[   97282ms] [LOG] [Rankings] query state: "" players: 1000 @ http://localhost:3002/_next/static/chunks/node_modules_next_dist_115brz8._.js:2431
[   97294ms] [LOG] [Rankings] query state: "" players: 1000 @ http://localhost:3002/_next/static/chunks/node_modules_next_dist_115brz8._.js:2431
[   97295ms] [LOG] [Rankings] query state: "" players: 1000 @ http://localhost:3002/_next/static/chunks/node_modules_next_dist_115brz8._.js:2431
[   97628ms] [LOG] [Rankings] query state: "" players: 1000 @ http://localhost:3002/_next/static/chunks/node_modules_next_dist_115brz8._.js:2431
[   97629ms] [LOG] [Rankings] useMemo filter running, q: "" @ http://localhost:3002/_next/static/chunks/node_modules_next_dist_115brz8._.js:2431
[   97629ms] [LOG] [Rankings] useMemo filter running, q: "" @ http://localhost:3002/_next/static/chunks/node_modules_next_dist_115brz8._.js:2431
[   97630ms] [LOG] [Rankings] query state: "" players: 1000 @ http://localhost:3002/_next/static/chunks/node_modules_next_dist_115brz8._.js:2431
[   97700ms] [LOG] [Rankings] query state: "" players: 1000 @ http://localhost:3002/_next/static/chunks/node_modules_next_dist_115brz8._.js:2431
[   97706ms] [LOG] [Rankings] query state: "" players: 1000 @ http://localhost:3002/_next/static/chunks/node_modules_next_dist_115brz8._.js:2431
[  107101ms] [LOG] [Fast Refresh] rebuilding @ http://localhost:3002/_next/static/chunks/node_modules_next_dist_115brz8._.js:2431
[  107198ms] [LOG] [Fast Refresh] done in 75ms @ http://localhost:3002/_next/static/chunks/node_modules_next_dist_115brz8._.js:2431
[  115572ms] [LOG] [Fast Refresh] rebuilding @ http://localhost:3002/_next/static/chunks/node_modules_next_dist_115brz8._.js:2431
[  115648ms] [LOG] [Fast Refresh] done in 77ms @ http://localhost:3002/_next/static/chunks/node_modules_next_dist_115brz8._.js:2431
[  121449ms] [LOG] [Fast Refresh] rebuilding @ http://localhost:3002/_next/static/chunks/node_modules_next_dist_115brz8._.js:2431
[  121525ms] [LOG] [Fast Refresh] done in 101ms @ http://localhost:3002/_next/static/chunks/node_modules_next_dist_115brz8._.js:2431
[  133267ms] [LOG] [Fast Refresh] rebuilding @ http://localhost:3002/_next/static/chunks/node_modules_next_dist_115brz8._.js:2431
[  133397ms] [LOG] [Fast Refresh] done in 231ms @ http://localhost:3002/_next/static/chunks/node_modules_next_dist_115brz8._.js:2431
[  133540ms] [INFO] %cDownload the React DevTools for a better development experience: https://react.dev/link/react-devtools font-weight:bold @ http://localhost:3002/_next/static/chunks/node_modules_next_dist_115brz8._.js:2431
[  133568ms] [LOG] [HMR] connected @ http://localhost:3002/_next/static/chunks/node_modules_next_dist_115brz8._.js:2431
[  133649ms] [LOG] %c[Vercel Web Analytics]%c Debug mode is enabled by default in development. No requests will be sent to the server. color: rgb(120, 120, 120) color: inherit @ http://localhost:3002/_next/static/chunks/node_modules_next_dist_115brz8._.js:2431
[  133650ms] [LOG] %c[Vercel Web Analytics]%c [view] http://localhost:3002/rankings color: rgb(120, 120, 120) color: inherit {o: http://localhost:3002/rankings, sv: 0.1.3, sdkn: @vercel/analytics/react, sdkv: 2.0.1, ts: 1776257085458} /_vercel/insights/view @ http://localhost:3002/_next/static/chunks/node_modules_next_dist_115brz8._.js:2431
[  135281ms] [ERROR] Failed to load resource: the server responded with a status of 404 (Not Found) @ http://localhost:3002/flags/ne.png:0
[  135366ms] [ERROR] Failed to load resource: the server responded with a status of 404 (Not Found) @ http://localhost:3002/flags/hk.png:0
[  135407ms] [ERROR] Failed to load resource: the server responded with a status of 404 (Not Found) @ http://localhost:3002/flags/gr.png:0
[  135445ms] [ERROR] Failed to load resource: the server responded with a status of 404 (Not Found) @ http://localhost:3002/flags/lt.png:0
[  135531ms] [ERROR] Failed to load resource: the server responded with a status of 404 (Not Found) @ http://localhost:3002/flags/bo.png:0
[  135533ms] [ERROR] Failed to load resource: the server responded with a status of 404 (Not Found) @ http://localhost:3002/flags/tu.png:0
[  135629ms] [ERROR] Failed to load resource: the server responded with a status of 404 (Not Found) @ http://localhost:3002/flags/ka.png:0
[  135645ms] [ERROR] Failed to load resource: the server responded with a status of 404 (Not Found) @ http://localhost:3002/flags/lb.png:0
[  135686ms] [ERROR] Failed to load resource: the server responded with a status of 404 (Not Found) @ http://localhost:3002/flags/md.png:0
[  135686ms] [ERROR] Failed to load resource: the server responded with a status of 404 (Not Found) @ http://localhost:3002/flags/cy.png:0
[  135742ms] [ERROR] Failed to load resource: the server responded with a status of 404 (Not Found) @ http://localhost:3002/flags/al.png:0
[  135745ms] [ERROR] Failed to load resource: the server responded with a status of 404 (Not Found) @ http://localhost:3002/flags/tn.png:0
[  156111ms] [LOG] [Fast Refresh] rebuilding @ http://localhost:3002/_next/static/chunks/node_modules_next_dist_115brz8._.js:2431
[  156184ms] [LOG] [Fast Refresh] done in 176ms @ http://localhost:3002/_next/static/chunks/node_modules_next_dist_115brz8._.js:2431
[  156946ms] [LOG] [Fast Refresh] rebuilding @ http://localhost:3002/_next/static/chunks/node_modules_next_dist_115brz8._.js:2431
[  156965ms] [LOG] [Fast Refresh] done in 121ms @ http://localhost:3002/_next/static/chunks/node_modules_next_dist_115brz8._.js:2431
[  158870ms] [LOG] [Fast Refresh] rebuilding @ http://localhost:3002/_next/static/chunks/node_modules_next_dist_115brz8._.js:2431
[  158894ms] [LOG] [Fast Refresh] done in 126ms @ http://localhost:3002/_next/static/chunks/node_modules_next_dist_115brz8._.js:2431
[  239376ms] [LOG] [Fast Refresh] rebuilding @ http://localhost:3002/_next/static/chunks/node_modules_next_dist_115brz8._.js:2431
[  239525ms] [LOG] [Fast Refresh] done in 250ms @ http://localhost:3002/_next/static/chunks/node_modules_next_dist_115brz8._.js:2431
[  603265ms] [LOG] [Fast Refresh] rebuilding @ http://localhost:3002/_next/static/chunks/node_modules_next_dist_115brz8._.js:2431
[  603455ms] [LOG] [Fast Refresh] done in 288ms @ http://localhost:3002/_next/static/chunks/node_modules_next_dist_115brz8._.js:2431
[  614007ms] [LOG] [Fast Refresh] rebuilding @ http://localhost:3002/_next/static/chunks/node_modules_next_dist_115brz8._.js:2431
[  614184ms] [LOG] [Fast Refresh] done in 278ms @ http://localhost:3002/_next/static/chunks/node_modules_next_dist_115brz8._.js:2431
[  624410ms] [LOG] [Fast Refresh] rebuilding @ http://localhost:3002/_next/static/chunks/node_modules_next_dist_115brz8._.js:2431
[  624480ms] [LOG] [Fast Refresh] done in 165ms @ http://localhost:3002/_next/static/chunks/node_modules_next_dist_115brz8._.js:2431
[  634240ms] [LOG] [Fast Refresh] rebuilding @ http://localhost:3002/_next/static/chunks/node_modules_next_dist_115brz8._.js:2431
[  634266ms] [LOG] [Fast Refresh] done in 124ms @ http://localhost:3002/_next/static/chunks/node_modules_next_dist_115brz8._.js:2431
[  641789ms] [LOG] [Fast Refresh] rebuilding @ http://localhost:3002/_next/static/chunks/node_modules_next_dist_115brz8._.js:2431
[  641797ms] [LOG] [Fast Refresh] done in 107ms @ http://localhost:3002/_next/static/chunks/node_modules_next_dist_115brz8._.js:2431
[  651208ms] [LOG] [Fast Refresh] rebuilding @ http://localhost:3002/_next/static/chunks/node_modules_next_dist_115brz8._.js:2431
[  651238ms] [LOG] [Fast Refresh] done in 131ms @ http://localhost:3002/_next/static/chunks/node_modules_next_dist_115brz8._.js:2431
[  658432ms] [LOG] [Fast Refresh] rebuilding @ http://localhost:3002/_next/static/chunks/node_modules_next_dist_115brz8._.js:2431
[  658443ms] [LOG] [Fast Refresh] done in 87ms @ http://localhost:3002/_next/static/chunks/node_modules_next_dist_115brz8._.js:2431
[  668474ms] [LOG] [Fast Refresh] rebuilding @ http://localhost:3002/_next/static/chunks/node_modules_next_dist_115brz8._.js:2431
[  668488ms] [LOG] [Fast Refresh] done in 116ms @ http://localhost:3002/_next/static/chunks/node_modules_next_dist_115brz8._.js:2431
[  676240ms] [LOG] [Fast Refresh] rebuilding @ http://localhost:3002/_next/static/chunks/node_modules_next_dist_115brz8._.js:2431
[  676284ms] [LOG] [Fast Refresh] done in 140ms @ http://localhost:3002/_next/static/chunks/node_modules_next_dist_115brz8._.js:2431
[  681459ms] [LOG] [Fast Refresh] rebuilding @ http://localhost:3002/_next/static/chunks/node_modules_next_dist_115brz8._.js:2431
[  682889ms] [LOG] [Fast Refresh] done in 1531ms @ http://localhost:3002/_next/static/chunks/node_modules_next_dist_115brz8._.js:2431
[  683969ms] [LOG] [Fast Refresh] rebuilding @ http://localhost:3002/_next/static/chunks/node_modules_next_dist_115brz8._.js:2431
[  683993ms] [LOG] [Fast Refresh] done in 126ms @ http://localhost:3002/_next/static/chunks/node_modules_next_dist_115brz8._.js:2431
[  712547ms] [LOG] [Fast Refresh] rebuilding @ http://localhost:3002/_next/static/chunks/node_modules_next_dist_115brz8._.js:2431
[  712803ms] [LOG] [Fast Refresh] done in 296ms @ http://localhost:3002/_next/static/chunks/node_modules_next_dist_115brz8._.js:2431
[  712945ms] [LOG] [Fast Refresh] rebuilding @ http://localhost:3002/_next/static/chunks/node_modules_next_dist_115brz8._.js:2431
[  712969ms] [LOG] [Fast Refresh] done in 125ms @ http://localhost:3002/_next/static/chunks/node_modules_next_dist_115brz8._.js:2431
[  722664ms] [LOG] [Fast Refresh] rebuilding @ http://localhost:3002/_next/static/chunks/node_modules_next_dist_115brz8._.js:2431
[  722805ms] [LOG] [Fast Refresh] done in 228ms @ http://localhost:3002/_next/static/chunks/node_modules_next_dist_115brz8._.js:2431
[  722909ms] [LOG] [Fast Refresh] rebuilding @ http://localhost:3002/_next/static/chunks/node_modules_next_dist_115brz8._.js:2431
[  723039ms] [LOG] [Fast Refresh] done in 231ms @ http://localhost:3002/_next/static/chunks/node_modules_next_dist_115brz8._.js:2431
[  723627ms] [LOG] [Fast Refresh] rebuilding @ http://localhost:3002/_next/static/chunks/node_modules_next_dist_115brz8._.js:2431
[  723638ms] [LOG] [Fast Refresh] done in 111ms @ http://localhost:3002/_next/static/chunks/node_modules_next_dist_115brz8._.js:2431
[  981655ms] [LOG] [Fast Refresh] rebuilding @ http://localhost:3002/_next/static/chunks/node_modules_next_dist_115brz8._.js:2431
[  981756ms] [LOG] [Fast Refresh] done in 191ms @ http://localhost:3002/_next/static/chunks/node_modules_next_dist_115brz8._.js:2431
[  987261ms] [LOG] [Fast Refresh] rebuilding @ http://localhost:3002/_next/static/chunks/node_modules_next_dist_115brz8._.js:2431
[  987264ms] [LOG] [Fast Refresh] done in 77ms @ http://localhost:3002/_next/static/chunks/node_modules_next_dist_115brz8._.js:2431
[ 1005591ms] [LOG] [Fast Refresh] rebuilding @ http://localhost:3002/_next/static/chunks/node_modules_next_dist_115brz8._.js:2431
[ 1005593ms] [LOG] [Fast Refresh] done in 89ms @ http://localhost:3002/_next/static/chunks/node_modules_next_dist_115brz8._.js:2431
[ 1021767ms] [LOG] [Fast Refresh] rebuilding @ http://localhost:3002/_next/static/chunks/node_modules_next_dist_115brz8._.js:2431
[ 1021777ms] [LOG] [Fast Refresh] done in 83ms @ http://localhost:3002/_next/static/chunks/node_modules_next_dist_115brz8._.js:2431
[ 1040902ms] [LOG] [Fast Refresh] rebuilding @ http://localhost:3002/_next/static/chunks/node_modules_next_dist_115brz8._.js:2431
[ 1041046ms] [LOG] [Fast Refresh] done in 102ms @ http://localhost:3002/_next/static/chunks/node_modules_next_dist_115brz8._.js:2431
[ 1041323ms] [LOG] [Fast Refresh] rebuilding @ http://localhost:3002/_next/static/chunks/node_modules_next_dist_115brz8._.js:2431
[ 1041325ms] [LOG] [Fast Refresh] done in 104ms @ http://localhost:3002/_next/static/chunks/node_modules_next_dist_115brz8._.js:2431
[ 1050265ms] [LOG] [Fast Refresh] rebuilding @ http://localhost:3002/_next/static/chunks/node_modules_next_dist_115brz8._.js:2431
[ 1050581ms] [LOG] [Fast Refresh] done in 214ms @ http://localhost:3002/_next/static/chunks/node_modules_next_dist_115brz8._.js:2431
[ 1114614ms] [LOG] [Fast Refresh] rebuilding @ http://localhost:3002/_next/static/chunks/node_modules_next_dist_115brz8._.js:2431
[ 1114731ms] [LOG] [Fast Refresh] done in 207ms @ http://localhost:3002/_next/static/chunks/node_modules_next_dist_115brz8._.js:2431
[ 1137993ms] [LOG] [Fast Refresh] rebuilding @ http://localhost:3002/_next/static/chunks/node_modules_next_dist_115brz8._.js:2431
[ 1138046ms] [LOG] [Fast Refresh] done in 154ms @ http://localhost:3002/_next/static/chunks/node_modules_next_dist_115brz8._.js:2431
[ 1270770ms] [LOG] [Fast Refresh] rebuilding @ http://localhost:3002/_next/static/chunks/node_modules_next_dist_115brz8._.js:2431
[ 1270825ms] [LOG] [Fast Refresh] done in 153ms @ http://localhost:3002/_next/static/chunks/node_modules_next_dist_115brz8._.js:2431
[ 1285716ms] [LOG] [Fast Refresh] rebuilding @ http://localhost:3002/_next/static/chunks/node_modules_next_dist_115brz8._.js:2431
[ 1285725ms] [LOG] [Fast Refresh] done in 70ms @ http://localhost:3002/_next/static/chunks/node_modules_next_dist_115brz8._.js:2431
[ 1286659ms] [LOG] [Fast Refresh] rebuilding @ http://localhost:3002/_next/static/chunks/node_modules_next_dist_115brz8._.js:2431
[ 1286680ms] [LOG] [Fast Refresh] done in 126ms @ http://localhost:3002/_next/static/chunks/node_modules_next_dist_115brz8._.js:2431
[ 1402113ms] [LOG] [Fast Refresh] rebuilding @ http://localhost:3002/_next/static/chunks/node_modules_next_dist_115brz8._.js:2431
[ 1402120ms] [LOG] [Fast Refresh] done in 115ms @ http://localhost:3002/_next/static/chunks/node_modules_next_dist_115brz8._.js:2431
[ 1402759ms] [LOG] [Fast Refresh] rebuilding @ http://localhost:3002/_next/static/chunks/node_modules_next_dist_115brz8._.js:2431
[ 1402787ms] [LOG] [Fast Refresh] done in 130ms @ http://localhost:3002/_next/static/chunks/node_modules_next_dist_115brz8._.js:2431
[ 1423946ms] [LOG] [Fast Refresh] rebuilding @ http://localhost:3002/_next/static/chunks/node_modules_next_dist_115brz8._.js:2431
[ 1424094ms] [LOG] [Fast Refresh] done in 248ms @ http://localhost:3002/_next/static/chunks/node_modules_next_dist_115brz8._.js:2431
[ 1484986ms] [LOG] [Fast Refresh] rebuilding @ http://localhost:3002/_next/static/chunks/node_modules_next_dist_115brz8._.js:2431
[ 1484988ms] [LOG] [Fast Refresh] done in 105ms @ http://localhost:3002/_next/static/chunks/node_modules_next_dist_115brz8._.js:2431
[ 1673077ms] [LOG] [Fast Refresh] rebuilding @ http://localhost:3002/_next/static/chunks/node_modules_next_dist_115brz8._.js:2431
[ 1673080ms] [LOG] [Fast Refresh] done in 109ms @ http://localhost:3002/_next/static/chunks/node_modules_next_dist_115brz8._.js:2431
[ 1679852ms] [ERROR] WebSocket connection to 'ws://localhost:3002/_next/webpack-hmr?id=ddUB1I_WGXFhTYEIsLJLU' failed: Error in connection establishment: net::ERR_CONNECTION_REFUSED @ http://localhost:3002/_next/static/chunks/node_modules_next_dist_client_0fhqo1d._.js:13299
[ 1680855ms] [ERROR] WebSocket connection to 'ws://localhost:3002/_next/webpack-hmr?id=ddUB1I_WGXFhTYEIsLJLU' failed: Error in connection establishment: net::ERR_CONNECTION_REFUSED @ http://localhost:3002/_next/static/chunks/node_modules_next_dist_client_0fhqo1d._.js:13299
[ 1681857ms] [ERROR] WebSocket connection to 'ws://localhost:3002/_next/webpack-hmr?id=ddUB1I_WGXFhTYEIsLJLU' failed: Error in connection establishment: net::ERR_CONNECTION_REFUSED @ http://localhost:3002/_next/static/chunks/node_modules_next_dist_client_0fhqo1d._.js:13299
[ 1682863ms] [ERROR] WebSocket connection to 'ws://localhost:3002/_next/webpack-hmr?id=ddUB1I_WGXFhTYEIsLJLU' failed: Error in connection establishment: net::ERR_CONNECTION_REFUSED @ http://localhost:3002/_next/static/chunks/node_modules_next_dist_client_0fhqo1d._.js:13299
[ 1683867ms] [ERROR] WebSocket connection to 'ws://localhost:3002/_next/webpack-hmr?id=ddUB1I_WGXFhTYEIsLJLU' failed: Error in connection establishment: net::ERR_CONNECTION_REFUSED @ http://localhost:3002/_next/static/chunks/node_modules_next_dist_client_0fhqo1d._.js:13299
[ 1688877ms] [LOG] [HMR] connected @ http://localhost:3002/_next/static/chunks/node_modules_next_dist_115brz8._.js:2431
[ 1689781ms] [INFO] %cDownload the React DevTools for a better development experience: https://react.dev/link/react-devtools font-weight:bold @ http://localhost:3002/_next/static/chunks/node_modules_next_dist_115brz8._.js:2431
[ 1689814ms] [LOG] [HMR] connected @ http://localhost:3002/_next/static/chunks/node_modules_next_dist_115brz8._.js:2431
[ 1689886ms] [LOG] %c[Vercel Web Analytics]%c Debug mode is enabled by default in development. No requests will be sent to the server. color: rgb(120, 120, 120) color: inherit @ http://localhost:3002/_next/static/chunks/node_modules_next_dist_115brz8._.js:2431
[ 1689886ms] [LOG] %c[Vercel Web Analytics]%c [view] http://localhost:3002/rankings color: rgb(120, 120, 120) color: inherit {o: http://localhost:3002/rankings, sv: 0.1.3, sdkn: @vercel/analytics/react, sdkv: 2.0.1, ts: 1776258641695} /_vercel/insights/view @ http://localhost:3002/_next/static/chunks/node_modules_next_dist_115brz8._.js:2431
[ 1897527ms] [LOG] [Fast Refresh] rebuilding @ http://localhost:3002/_next/static/chunks/node_modules_next_dist_115brz8._.js:2431
[ 1897751ms] [LOG] [Fast Refresh] done in 305ms @ http://localhost:3002/_next/static/chunks/node_modules_next_dist_115brz8._.js:2431
[ 1898815ms] [LOG] [Fast Refresh] rebuilding @ http://localhost:3002/_next/static/chunks/node_modules_next_dist_115brz8._.js:2431
[ 1898843ms] [LOG] [Fast Refresh] done in 108ms @ http://localhost:3002/_next/static/chunks/node_modules_next_dist_115brz8._.js:2431
[ 1905592ms] [LOG] [Fast Refresh] rebuilding @ http://localhost:3002/_next/static/chunks/node_modules_next_dist_115brz8._.js:2431
[ 1905891ms] [LOG] [Fast Refresh] done in 372ms @ http://localhost:3002/_next/static/chunks/node_modules_next_dist_115brz8._.js:2431
[ 1911381ms] [LOG] [Fast Refresh] rebuilding @ http://localhost:3002/_next/static/chunks/node_modules_next_dist_115brz8._.js:2431
[ 1911406ms] [LOG] [Fast Refresh] done in 41ms @ http://localhost:3002/_next/static/chunks/node_modules_next_dist_115brz8._.js:2431
[ 1915544ms] [LOG] [Fast Refresh] rebuilding @ http://localhost:3002/_next/static/chunks/node_modules_next_dist_115brz8._.js:2431
[ 1915564ms] [LOG] [Fast Refresh] done in 46ms @ http://localhost:3002/_next/static/chunks/node_modules_next_dist_115brz8._.js:2431
[ 1920396ms] [LOG] [Fast Refresh] rebuilding @ http://localhost:3002/_next/static/chunks/node_modules_next_dist_115brz8._.js:2431
[ 1920419ms] [LOG] [Fast Refresh] done in 43ms @ http://localhost:3002/_next/static/chunks/node_modules_next_dist_115brz8._.js:2431
[ 1964468ms] [LOG] [Fast Refresh] rebuilding @ http://localhost:3002/_next/static/chunks/node_modules_next_dist_115brz8._.js:2431
[ 1964490ms] [LOG] [Fast Refresh] done in 47ms @ http://localhost:3002/_next/static/chunks/node_modules_next_dist_115brz8._.js:2431
[ 2008518ms] [LOG] [Fast Refresh] rebuilding @ http://localhost:3002/_next/static/chunks/node_modules_next_dist_115brz8._.js:2431
[ 2008543ms] [LOG] [Fast Refresh] done in 103ms @ http://localhost:3002/_next/static/chunks/node_modules_next_dist_115brz8._.js:2431
[ 2011902ms] [LOG] [Fast Refresh] rebuilding @ http://localhost:3002/_next/static/chunks/node_modules_next_dist_115brz8._.js:2431
[ 2011918ms] [LOG] [Fast Refresh] done in 70ms @ http://localhost:3002/_next/static/chunks/node_modules_next_dist_115brz8._.js:2431
[ 2018485ms] [LOG] [Fast Refresh] rebuilding @ http://localhost:3002/_next/static/chunks/node_modules_next_dist_115brz8._.js:2431
[ 2018496ms] [LOG] [Fast Refresh] done in 108ms @ http://localhost:3002/_next/static/chunks/node_modules_next_dist_115brz8._.js:2431
[ 2021804ms] [LOG] [Fast Refresh] rebuilding @ http://localhost:3002/_next/static/chunks/node_modules_next_dist_115brz8._.js:2431
[ 2021827ms] [LOG] [Fast Refresh] done in 68ms @ http://localhost:3002/_next/static/chunks/node_modules_next_dist_115brz8._.js:2431
[ 2027197ms] [LOG] [Fast Refresh] rebuilding @ http://localhost:3002/_next/static/chunks/node_modules_next_dist_115brz8._.js:2431
[ 2027213ms] [LOG] [Fast Refresh] done in 71ms @ http://localhost:3002/_next/static/chunks/node_modules_next_dist_115brz8._.js:2431
[ 2031161ms] [LOG] [Fast Refresh] rebuilding @ http://localhost:3002/_next/static/chunks/node_modules_next_dist_115brz8._.js:2431
[ 2031184ms] [LOG] [Fast Refresh] done in 46ms @ http://localhost:3002/_next/static/chunks/node_modules_next_dist_115brz8._.js:2431
[ 2035289ms] [LOG] [Fast Refresh] rebuilding @ http://localhost:3002/_next/static/chunks/node_modules_next_dist_115brz8._.js:2431
[ 2035313ms] [LOG] [Fast Refresh] done in 48ms @ http://localhost:3002/_next/static/chunks/node_modules_next_dist_115brz8._.js:2431
[ 2039308ms] [LOG] [Fast Refresh] rebuilding @ http://localhost:3002/_next/static/chunks/node_modules_next_dist_115brz8._.js:2431
[ 2039330ms] [LOG] [Fast Refresh] done in 50ms @ http://localhost:3002/_next/static/chunks/node_modules_next_dist_115brz8._.js:2431
[ 2050424ms] [LOG] [Fast Refresh] rebuilding @ http://localhost:3002/_next/static/chunks/node_modules_next_dist_115brz8._.js:2431
[ 2051090ms] [ERROR] IntlError: MISSING_MESSAGE: Could not resolve `onboarding` in messages for locale `en`.
    at getMessagesOrError (http://localhost:3002/_next/static/chunks/node_modules_03zhy7f._.js:4153:27)
    at createBaseTranslator (http://localhost:3002/_next/static/chunks/node_modules_03zhy7f._.js:4158:29)
    at useTranslationsImpl.useMemo[translate] (http://localhost:3002/_next/static/chunks/node_modules_03zhy7f._.js:4673:253)
    at mountMemo (http://localhost:3002/_next/static/chunks/node_modules_next_dist_compiled_react-dom_058-ah~._.js:5393:25)
    at Object.useMemo (http://localhost:3002/_next/static/chunks/node_modules_next_dist_compiled_react-dom_058-ah~._.js:15213:24)
    at exports.useMemo (http://localhost:3002/_next/static/chunks/node_modules_next_dist_compiled_0rpq4pf._.js:1742:36)
    at useTranslationsImpl (http://localhost:3002/_next/static/chunks/node_modules_03zhy7f._.js:4672:196)
    at useTranslations (http://localhost:3002/_next/static/chunks/node_modules_03zhy7f._.js:4711:12)
    at http://localhost:3002/_next/static/chunks/node_modules_03zhy7f._.js:4871:20
    at useSteps (http://localhost:3002/_next/static/chunks/src_components_SpotlightCoachmarks_tsx_099htzu._.js?id=%255Bproject%255D%252Fsrc%252Fcomponents%252FSpotlightCoachmarks.tsx+%255Bapp-client%255D+%2528ecmascript%2529:169:224)
    at SpotlightCoachmarks (http://localhost:3002/_next/static/chunks/src_components_SpotlightCoachmarks_tsx_099htzu._.js?id=%255Bproject%255D%252Fsrc%252Fcomponents%252FSpotlightCoachmarks.tsx+%255Bapp-client%255D+%2528ecmascript%2529:200:19)
    at Object.react_stack_bottom_frame (http://localhost:3002/_next/static/chunks/node_modules_next_dist_compiled_react-dom_058-ah~._.js:15037:24)
    at renderWithHooks (http://localhost:3002/_next/static/chunks/node_modules_next_dist_compiled_react-dom_058-ah~._.js:4620:24)
    at updateFunctionComponent (http://localhost:3002/_next/static/chunks/node_modules_next_dist_compiled_react-dom_058-ah~._.js:6081:21)
    at beginWork (http://localhost:3002/_next/static/chunks/node_modules_next_dist_compiled_react-dom_058-ah~._.js:6691:24)
    at runWithFiberInDEV (http://localhost:3002/_next/static/chunks/node_modules_next_dist_compiled_react-dom_058-ah~._.js:965:74)
    at performUnitOfWork (http://localhost:3002/_next/static/chunks/node_modules_next_dist_compiled_react-dom_058-ah~._.js:9555:97)
    at workLoopSync (http://localhost:3002/_next/static/chunks/node_modules_next_dist_compiled_react-dom_058-ah~._.js:9449:40)
    at renderRootSync (http://localhost:3002/_next/static/chunks/node_modules_next_dist_compiled_react-dom_058-ah~._.js:9433:13)
    at performWorkOnRoot (http://localhost:3002/_next/static/chunks/node_modules_next_dist_compiled_react-dom_058-ah~._.js:9061:186)
    at performSyncWorkOnRoot (http://localhost:3002/_next/static/chunks/node_modules_next_dist_compiled_react-dom_058-ah~._.js:10263:9)
    at flushSyncWorkAcrossRoots_impl (http://localhost:3002/_next/static/chunks/node_modules_next_dist_compiled_react-dom_058-ah~._.js:10179:316)
    at flushSyncWork$1 (http://localhost:3002/_next/static/chunks/node_modules_next_dist_compiled_react-dom_058-ah~._.js:9230:86)
    at Object.scheduleRefresh (http://localhost:3002/_next/static/chunks/node_modules_next_dist_compiled_react-dom_058-ah~._.js:299:13)
    at http://localhost:3002/_next/static/chunks/node_modules_next_dist_compiled_0rpq4pf._.js:391:33
    at Set.forEach (<anonymous>)
    at Object.performReactRefresh (http://localhost:3002/_next/static/chunks/node_modules_next_dist_compiled_0rpq4pf._.js:384:38)
    at applyUpdate (http://localhost:3002/_next/static/chunks/node_modules_next_dist_compiled_0rpq4pf._.js:878:31)
    at http://localhost:3002/_next/static/chunks/node_modules_next_dist_compiled_0rpq4pf._.js:886:13 @ http://localhost:3002/_next/static/chunks/node_modules_next_dist_115brz8._.js:3272
[ 2051093ms] [ERROR] IntlError: MISSING_MESSAGE: Could not resolve `onboarding` in messages for locale `en`.
    at getMessagesOrError (http://localhost:3002/_next/static/chunks/node_modules_03zhy7f._.js:4153:27)
    at createBaseTranslator (http://localhost:3002/_next/static/chunks/node_modules_03zhy7f._.js:4158:29)
    at useTranslationsImpl.useMemo[translate] (http://localhost:3002/_next/static/chunks/node_modules_03zhy7f._.js:4673:253)
    at mountMemo (http://localhost:3002/_next/static/chunks/node_modules_next_dist_compiled_react-dom_058-ah~._.js:5393:25)
    at Object.useMemo (http://localhost:3002/_next/static/chunks/node_modules_next_dist_compiled_react-dom_058-ah~._.js:15213:24)
    at exports.useMemo (http://localhost:3002/_next/static/chunks/node_modules_next_dist_compiled_0rpq4pf._.js:1742:36)
    at useTranslationsImpl (http://localhost:3002/_next/static/chunks/node_modules_03zhy7f._.js:4672:196)
    at useTranslations (http://localhost:3002/_next/static/chunks/node_modules_03zhy7f._.js:4711:12)
    at http://localhost:3002/_next/static/chunks/node_modules_03zhy7f._.js:4871:20
    at useSteps (http://localhost:3002/_next/static/chunks/src_components_SpotlightCoachmarks_tsx_099htzu._.js?id=%255Bproject%255D%252Fsrc%252Fcomponents%252FSpotlightCoachmarks.tsx+%255Bapp-client%255D+%2528ecmascript%2529:169:224)
    at SpotlightCoachmarks (http://localhost:3002/_next/static/chunks/src_components_SpotlightCoachmarks_tsx_099htzu._.js?id=%255Bproject%255D%252Fsrc%252Fcomponents%252FSpotlightCoachmarks.tsx+%255Bapp-client%255D+%2528ecmascript%2529:200:19)
    at Object.react_stack_bottom_frame (http://localhost:3002/_next/static/chunks/node_modules_next_dist_compiled_react-dom_058-ah~._.js:15037:24)
    at renderWithHooks (http://localhost:3002/_next/static/chunks/node_modules_next_dist_compiled_react-dom_058-ah~._.js:4620:24)
    at updateFunctionComponent (http://localhost:3002/_next/static/chunks/node_modules_next_dist_compiled_react-dom_058-ah~._.js:6081:21)
    at beginWork (http://localhost:3002/_next/static/chunks/node_modules_next_dist_compiled_react-dom_058-ah~._.js:6691:24)
    at runWithFiberInDEV (http://localhost:3002/_next/static/chunks/node_modules_next_dist_compiled_react-dom_058-ah~._.js:965:74)
    at performUnitOfWork (http://localhost:3002/_next/static/chunks/node_modules_next_dist_compiled_react-dom_058-ah~._.js:9555:97)
    at workLoopSync (http://localhost:3002/_next/static/chunks/node_modules_next_dist_compiled_react-dom_058-ah~._.js:9449:40)
    at renderRootSync (http://localhost:3002/_next/static/chunks/node_modules_next_dist_compiled_react-dom_058-ah~._.js:9433:13)
    at performWorkOnRoot (http://localhost:3002/_next/static/chunks/node_modules_next_dist_compiled_react-dom_058-ah~._.js:9061:186)
    at performSyncWorkOnRoot (http://localhost:3002/_next/static/chunks/node_modules_next_dist_compiled_react-dom_058-ah~._.js:10263:9)
    at flushSyncWorkAcrossRoots_impl (http://localhost:3002/_next/static/chunks/node_modules_next_dist_compiled_react-dom_058-ah~._.js:10179:316)
    at flushSyncWork$1 (http://localhost:3002/_next/static/chunks/node_modules_next_dist_compiled_react-dom_058-ah~._.js:9230:86)
    at Object.scheduleRefresh (http://localhost:3002/_next/static/chunks/node_modules_next_dist_compiled_react-dom_058-ah~._.js:299:13)
    at http://localhost:3002/_next/static/chunks/node_modules_next_dist_compiled_0rpq4pf._.js:391:33
    at Set.forEach (<anonymous>)
    at Object.performReactRefresh (http://localhost:3002/_next/static/chunks/node_modules_next_dist_compiled_0rpq4pf._.js:384:38)
    at applyUpdate (http://localhost:3002/_next/static/chunks/node_modules_next_dist_compiled_0rpq4pf._.js:878:31)
    at http://localhost:3002/_next/static/chunks/node_modules_next_dist_compiled_0rpq4pf._.js:886:13 @ http://localhost:3002/_next/static/chunks/node_modules_next_dist_115brz8._.js:3272
[ 2051094ms] [ERROR] IntlError: MISSING_MESSAGE: Could not resolve `onboarding` in messages for locale `en`.
    at getMessagesOrError (http://localhost:3002/_next/static/chunks/node_modules_03zhy7f._.js:4153:27)
    at createBaseTranslator (http://localhost:3002/_next/static/chunks/node_modules_03zhy7f._.js:4158:29)
    at useTranslationsImpl.useMemo[translate] (http://localhost:3002/_next/static/chunks/node_modules_03zhy7f._.js:4673:253)
    at mountMemo (http://localhost:3002/_next/static/chunks/node_modules_next_dist_compiled_react-dom_058-ah~._.js:5393:25)
    at Object.useMemo (http://localhost:3002/_next/static/chunks/node_modules_next_dist_compiled_react-dom_058-ah~._.js:15213:24)
    at exports.useMemo (http://localhost:3002/_next/static/chunks/node_modules_next_dist_compiled_0rpq4pf._.js:1742:36)
    at useTranslationsImpl (http://localhost:3002/_next/static/chunks/node_modules_03zhy7f._.js:4672:196)
    at useTranslations (http://localhost:3002/_next/static/chunks/node_modules_03zhy7f._.js:4711:12)
    at http://localhost:3002/_next/static/chunks/node_modules_03zhy7f._.js:4871:20
    at useSteps (http://localhost:3002/_next/static/chunks/src_components_SpotlightCoachmarks_tsx_099htzu._.js?id=%255Bproject%255D%252Fsrc%252Fcomponents%252FSpotlightCoachmarks.tsx+%255Bapp-client%255D+%2528ecmascript%2529:169:224)
    at SpotlightCoachmarks (http://localhost:3002/_next/static/chunks/src_components_SpotlightCoachmarks_tsx_099htzu._.js?id=%255Bproject%255D%252Fsrc%252Fcomponents%252FSpotlightCoachmarks.tsx+%255Bapp-client%255D+%2528ecmascript%2529:200:19)
    at Object.react_stack_bottom_frame (http://localhost:3002/_next/static/chunks/node_modules_next_dist_compiled_react-dom_058-ah~._.js:15037:24)
    at renderWithHooks (http://localhost:3002/_next/static/chunks/node_modules_next_dist_compiled_react-dom_058-ah~._.js:4620:24)
    at updateFunctionComponent (http://localhost:3002/_next/static/chunks/node_modules_next_dist_compiled_react-dom_058-ah~._.js:6081:21)
    at beginWork (http://localhost:3002/_next/static/chunks/node_modules_next_dist_compiled_react-dom_058-ah~._.js:6691:24)
    at runWithFiberInDEV (http://localhost:3002/_next/static/chunks/node_modules_next_dist_compiled_react-dom_058-ah~._.js:965:74)
    at performUnitOfWork (http://localhost:3002/_next/static/chunks/node_modules_next_dist_compiled_react-dom_058-ah~._.js:9555:97)
    at workLoopSync (http://localhost:3002/_next/static/chunks/node_modules_next_dist_compiled_react-dom_058-ah~._.js:9449:40)
    at renderRootSync (http://localhost:3002/_next/static/chunks/node_modules_next_dist_compiled_react-dom_058-ah~._.js:9433:13)
    at performWorkOnRoot (http://localhost:3002/_next/static/chunks/node_modules_next_dist_compiled_react-dom_058-ah~._.js:9061:186)
    at performSyncWorkOnRoot (http://localhost:3002/_next/static/chunks/node_modules_next_dist_compiled_react-dom_058-ah~._.js:10263:9)
    at flushSyncWorkAcrossRoots_impl (http://localhost:3002/_next/static/chunks/node_modules_next_dist_compiled_react-dom_058-ah~._.js:10179:316)
    at flushSyncWork$1 (http://localhost:3002/_next/static/chunks/node_modules_next_dist_compiled_react-dom_058-ah~._.js:9230:86)
    at Object.scheduleRefresh (http://localhost:3002/_next/static/chunks/node_modules_next_dist_compiled_react-dom_058-ah~._.js:299:13)
    at http://localhost:3002/_next/static/chunks/node_modules_next_dist_compiled_0rpq4pf._.js:391:33
    at Set.forEach (<anonymous>)
    at Object.performReactRefresh (http://localhost:3002/_next/static/chunks/node_modules_next_dist_compiled_0rpq4pf._.js:384:38)
    at applyUpdate (http://localhost:3002/_next/static/chunks/node_modules_next_dist_compiled_0rpq4pf._.js:878:31)
    at http://localhost:3002/_next/static/chunks/node_modules_next_dist_compiled_0rpq4pf._.js:886:13 @ http://localhost:3002/_next/static/chunks/node_modules_next_dist_115brz8._.js:3272
[ 2051094ms] [ERROR] IntlError: MISSING_MESSAGE: Could not resolve `onboarding` in messages for locale `en`.
    at getMessagesOrError (http://localhost:3002/_next/static/chunks/node_modules_03zhy7f._.js:4153:27)
    at createBaseTranslator (http://localhost:3002/_next/static/chunks/node_modules_03zhy7f._.js:4158:29)
    at useTranslationsImpl.useMemo[translate] (http://localhost:3002/_next/static/chunks/node_modules_03zhy7f._.js:4673:253)
    at mountMemo (http://localhost:3002/_next/static/chunks/node_modules_next_dist_compiled_react-dom_058-ah~._.js:5393:25)
    at Object.useMemo (http://localhost:3002/_next/static/chunks/node_modules_next_dist_compiled_react-dom_058-ah~._.js:15213:24)
    at exports.useMemo (http://localhost:3002/_next/static/chunks/node_modules_next_dist_compiled_0rpq4pf._.js:1742:36)
    at useTranslationsImpl (http://localhost:3002/_next/static/chunks/node_modules_03zhy7f._.js:4672:196)
    at useTranslations (http://localhost:3002/_next/static/chunks/node_modules_03zhy7f._.js:4711:12)
    at http://localhost:3002/_next/static/chunks/node_modules_03zhy7f._.js:4871:20
    at useSteps (http://localhost:3002/_next/static/chunks/src_components_SpotlightCoachmarks_tsx_099htzu._.js?id=%255Bproject%255D%252Fsrc%252Fcomponents%252FSpotlightCoachmarks.tsx+%255Bapp-client%255D+%2528ecmascript%2529:169:224)
    at SpotlightCoachmarks (http://localhost:3002/_next/static/chunks/src_components_SpotlightCoachmarks_tsx_099htzu._.js?id=%255Bproject%255D%252Fsrc%252Fcomponents%252FSpotlightCoachmarks.tsx+%255Bapp-client%255D+%2528ecmascript%2529:200:19)
    at Object.react_stack_bottom_frame (http://localhost:3002/_next/static/chunks/node_modules_next_dist_compiled_react-dom_058-ah~._.js:15037:24)
    at renderWithHooks (http://localhost:3002/_next/static/chunks/node_modules_next_dist_compiled_react-dom_058-ah~._.js:4620:24)
    at updateFunctionComponent (http://localhost:3002/_next/static/chunks/node_modules_next_dist_compiled_react-dom_058-ah~._.js:6081:21)
    at beginWork (http://localhost:3002/_next/static/chunks/node_modules_next_dist_compiled_react-dom_058-ah~._.js:6691:24)
    at runWithFiberInDEV (http://localhost:3002/_next/static/chunks/node_modules_next_dist_compiled_react-dom_058-ah~._.js:965:74)
    at performUnitOfWork (http://localhost:3002/_next/static/chunks/node_modules_next_dist_compiled_react-dom_058-ah~._.js:9555:97)
    at workLoopSync (http://localhost:3002/_next/static/chunks/node_modules_next_dist_compiled_react-dom_058-ah~._.js:9449:40)
    at renderRootSync (http://localhost:3002/_next/static/chunks/node_modules_next_dist_compiled_react-dom_058-ah~._.js:9433:13)
    at performWorkOnRoot (http://localhost:3002/_next/static/chunks/node_modules_next_dist_compiled_react-dom_058-ah~._.js:9061:186)
    at performSyncWorkOnRoot (http://localhost:3002/_next/static/chunks/node_modules_next_dist_compiled_react-dom_058-ah~._.js:10263:9)
    at flushSyncWorkAcrossRoots_impl (http://localhost:3002/_next/static/chunks/node_modules_next_dist_compiled_react-dom_058-ah~._.js:10179:316)
    at flushSyncWork$1 (http://localhost:3002/_next/static/chunks/node_modules_next_dist_compiled_react-dom_058-ah~._.js:9230:86)
    at Object.scheduleRefresh (http://localhost:3002/_next/static/chunks/node_modules_next_dist_compiled_react-dom_058-ah~._.js:299:13)
    at http://localhost:3002/_next/static/chunks/node_modules_next_dist_compiled_0rpq4pf._.js:391:33
    at Set.forEach (<anonymous>)
    at Object.performReactRefresh (http://localhost:3002/_next/static/chunks/node_modules_next_dist_compiled_0rpq4pf._.js:384:38)
    at applyUpdate (http://localhost:3002/_next/static/chunks/node_modules_next_dist_compiled_0rpq4pf._.js:878:31)
    at http://localhost:3002/_next/static/chunks/node_modules_next_dist_compiled_0rpq4pf._.js:886:13 @ http://localhost:3002/_next/static/chunks/node_modules_next_dist_115brz8._.js:3272
[ 2051094ms] [ERROR] IntlError: MISSING_MESSAGE: Could not resolve `onboarding` in messages for locale `en`.
    at getMessagesOrError (http://localhost:3002/_next/static/chunks/node_modules_03zhy7f._.js:4153:27)
    at createBaseTranslator (http://localhost:3002/_next/static/chunks/node_modules_03zhy7f._.js:4158:29)
    at useTranslationsImpl.useMemo[translate] (http://localhost:3002/_next/static/chunks/node_modules_03zhy7f._.js:4673:253)
    at mountMemo (http://localhost:3002/_next/static/chunks/node_modules_next_dist_compiled_react-dom_058-ah~._.js:5393:25)
    at Object.useMemo (http://localhost:3002/_next/static/chunks/node_modules_next_dist_compiled_react-dom_058-ah~._.js:15213:24)
    at exports.useMemo (http://localhost:3002/_next/static/chunks/node_modules_next_dist_compiled_0rpq4pf._.js:1742:36)
    at useTranslationsImpl (http://localhost:3002/_next/static/chunks/node_modules_03zhy7f._.js:4672:196)
    at useTranslations (http://localhost:3002/_next/static/chunks/node_modules_03zhy7f._.js:4711:12)
    at http://localhost:3002/_next/static/chunks/node_modules_03zhy7f._.js:4871:20
    at useSteps (http://localhost:3002/_next/static/chunks/src_components_SpotlightCoachmarks_tsx_099htzu._.js?id=%255Bproject%255D%252Fsrc%252Fcomponents%252FSpotlightCoachmarks.tsx+%255Bapp-client%255D+%2528ecmascript%2529:169:224)
    at SpotlightCoachmarks (http://localhost:3002/_next/static/chunks/src_components_SpotlightCoachmarks_tsx_099htzu._.js?id=%255Bproject%255D%252Fsrc%252Fcomponents%252FSpotlightCoachmarks.tsx+%255Bapp-client%255D+%2528ecmascript%2529:200:19)
    at Object.react_stack_bottom_frame (http://localhost:3002/_next/static/chunks/node_modules_next_dist_compiled_react-dom_058-ah~._.js:15037:24)
    at renderWithHooks (http://localhost:3002/_next/static/chunks/node_modules_next_dist_compiled_react-dom_058-ah~._.js:4620:24)
    at updateFunctionComponent (http://localhost:3002/_next/static/chunks/node_modules_next_dist_compiled_react-dom_058-ah~._.js:6081:21)
    at beginWork (http://localhost:3002/_next/static/chunks/node_modules_next_dist_compiled_react-dom_058-ah~._.js:6691:24)
    at runWithFiberInDEV (http://localhost:3002/_next/static/chunks/node_modules_next_dist_compiled_react-dom_058-ah~._.js:965:74)
    at performUnitOfWork (http://localhost:3002/_next/static/chunks/node_modules_next_dist_compiled_react-dom_058-ah~._.js:9555:97)
    at workLoopSync (http://localhost:3002/_next/static/chunks/node_modules_next_dist_compiled_react-dom_058-ah~._.js:9449:40)
    at renderRootSync (http://localhost:3002/_next/static/chunks/node_modules_next_dist_compiled_react-dom_058-ah~._.js:9433:13)
    at performWorkOnRoot (http://localhost:3002/_next/static/chunks/node_modules_next_dist_compiled_react-dom_058-ah~._.js:9061:186)
    at performSyncWorkOnRoot (http://localhost:3002/_next/static/chunks/node_modules_next_dist_compiled_react-dom_058-ah~._.js:10263:9)
    at flushSyncWorkAcrossRoots_impl (http://localhost:3002/_next/static/chunks/node_modules_next_dist_compiled_react-dom_058-ah~._.js:10179:316)
    at flushSyncWork$1 (http://localhost:3002/_next/static/chunks/node_modules_next_dist_compiled_react-dom_058-ah~._.js:9230:86)
    at Object.scheduleRefresh (http://localhost:3002/_next/static/chunks/node_modules_next_dist_compiled_react-dom_058-ah~._.js:299:13)
    at http://localhost:3002/_next/static/chunks/node_modules_next_dist_compiled_0rpq4pf._.js:391:33
    at Set.forEach (<anonymous>)
    at Object.performReactRefresh (http://localhost:3002/_next/static/chunks/node_modules_next_dist_compiled_0rpq4pf._.js:384:38)
    at applyUpdate (http://localhost:3002/_next/static/chunks/node_modules_next_dist_compiled_0rpq4pf._.js:878:31)
    at http://localhost:3002/_next/static/chunks/node_modules_next_dist_compiled_0rpq4pf._.js:886:13 @ http://localhost:3002/_next/static/chunks/node_modules_next_dist_115brz8._.js:3272
[ 2051094ms] [ERROR] IntlError: MISSING_MESSAGE: Could not resolve `onboarding` in messages for locale `en`.
    at getMessagesOrError (http://localhost:3002/_next/static/chunks/node_modules_03zhy7f._.js:4153:27)
    at createBaseTranslator (http://localhost:3002/_next/static/chunks/node_modules_03zhy7f._.js:4158:29)
    at useTranslationsImpl.useMemo[translate] (http://localhost:3002/_next/static/chunks/node_modules_03zhy7f._.js:4673:253)
    at mountMemo (http://localhost:3002/_next/static/chunks/node_modules_next_dist_compiled_react-dom_058-ah~._.js:5393:25)
    at Object.useMemo (http://localhost:3002/_next/static/chunks/node_modules_next_dist_compiled_react-dom_058-ah~._.js:15213:24)
    at exports.useMemo (http://localhost:3002/_next/static/chunks/node_modules_next_dist_compiled_0rpq4pf._.js:1742:36)
    at useTranslationsImpl (http://localhost:3002/_next/static/chunks/node_modules_03zhy7f._.js:4672:196)
    at useTranslations (http://localhost:3002/_next/static/chunks/node_modules_03zhy7f._.js:4711:12)
    at http://localhost:3002/_next/static/chunks/node_modules_03zhy7f._.js:4871:20
    at useSteps (http://localhost:3002/_next/static/chunks/src_components_SpotlightCoachmarks_tsx_099htzu._.js?id=%255Bproject%255D%252Fsrc%252Fcomponents%252FSpotlightCoachmarks.tsx+%255Bapp-client%255D+%2528ecmascript%2529:169:224)
    at SpotlightCoachmarks (http://localhost:3002/_next/static/chunks/src_components_SpotlightCoachmarks_tsx_099htzu._.js?id=%255Bproject%255D%252Fsrc%252Fcomponents%252FSpotlightCoachmarks.tsx+%255Bapp-client%255D+%2528ecmascript%2529:200:19)
    at Object.react_stack_bottom_frame (http://localhost:3002/_next/static/chunks/node_modules_next_dist_compiled_react-dom_058-ah~._.js:15037:24)
    at renderWithHooks (http://localhost:3002/_next/static/chunks/node_modules_next_dist_compiled_react-dom_058-ah~._.js:4620:24)
    at updateFunctionComponent (http://localhost:3002/_next/static/chunks/node_modules_next_dist_compiled_react-dom_058-ah~._.js:6081:21)
    at beginWork (http://localhost:3002/_next/static/chunks/node_modules_next_dist_compiled_react-dom_058-ah~._.js:6691:24)
    at runWithFiberInDEV (http://localhost:3002/_next/static/chunks/node_modules_next_dist_compiled_react-dom_058-ah~._.js:965:74)
    at performUnitOfWork (http://localhost:3002/_next/static/chunks/node_modules_next_dist_compiled_react-dom_058-ah~._.js:9555:97)
    at workLoopSync (http://localhost:3002/_next/static/chunks/node_modules_next_dist_compiled_react-dom_058-ah~._.js:9449:40)
    at renderRootSync (http://localhost:3002/_next/static/chunks/node_modules_next_dist_compiled_react-dom_058-ah~._.js:9433:13)
    at performWorkOnRoot (http://localhost:3002/_next/static/chunks/node_modules_next_dist_compiled_react-dom_058-ah~._.js:9061:186)
    at performSyncWorkOnRoot (http://localhost:3002/_next/static/chunks/node_modules_next_dist_compiled_react-dom_058-ah~._.js:10263:9)
    at flushSyncWorkAcrossRoots_impl (http://localhost:3002/_next/static/chunks/node_modules_next_dist_compiled_react-dom_058-ah~._.js:10179:316)
    at flushSyncWork$1 (http://localhost:3002/_next/static/chunks/node_modules_next_dist_compiled_react-dom_058-ah~._.js:9230:86)
    at Object.scheduleRefresh (http://localhost:3002/_next/static/chunks/node_modules_next_dist_compiled_react-dom_058-ah~._.js:299:13)
    at http://localhost:3002/_next/static/chunks/node_modules_next_dist_compiled_0rpq4pf._.js:391:33
    at Set.forEach (<anonymous>)
    at Object.performReactRefresh (http://localhost:3002/_next/static/chunks/node_modules_next_dist_compiled_0rpq4pf._.js:384:38)
    at applyUpdate (http://localhost:3002/_next/static/chunks/node_modules_next_dist_compiled_0rpq4pf._.js:878:31)
    at http://localhost:3002/_next/static/chunks/node_modules_next_dist_compiled_0rpq4pf._.js:886:13 @ http://localhost:3002/_next/static/chunks/node_modules_next_dist_115brz8._.js:3272
[ 2051094ms] [ERROR] IntlError: MISSING_MESSAGE: Could not resolve `onboarding` in messages for locale `en`.
    at getMessagesOrError (http://localhost:3002/_next/static/chunks/node_modules_03zhy7f._.js:4153:27)
    at createBaseTranslator (http://localhost:3002/_next/static/chunks/node_modules_03zhy7f._.js:4158:29)
    at useTranslationsImpl.useMemo[translate] (http://localhost:3002/_next/static/chunks/node_modules_03zhy7f._.js:4673:253)
    at mountMemo (http://localhost:3002/_next/static/chunks/node_modules_next_dist_compiled_react-dom_058-ah~._.js:5393:25)
    at Object.useMemo (http://localhost:3002/_next/static/chunks/node_modules_next_dist_compiled_react-dom_058-ah~._.js:15213:24)
    at exports.useMemo (http://localhost:3002/_next/static/chunks/node_modules_next_dist_compiled_0rpq4pf._.js:1742:36)
    at useTranslationsImpl (http://localhost:3002/_next/static/chunks/node_modules_03zhy7f._.js:4672:196)
    at useTranslations (http://localhost:3002/_next/static/chunks/node_modules_03zhy7f._.js:4711:12)
    at http://localhost:3002/_next/static/chunks/node_modules_03zhy7f._.js:4871:20
    at useSteps (http://localhost:3002/_next/static/chunks/src_components_SpotlightCoachmarks_tsx_099htzu._.js?id=%255Bproject%255D%252Fsrc%252Fcomponents%252FSpotlightCoachmarks.tsx+%255Bapp-client%255D+%2528ecmascript%2529:169:224)
    at SpotlightCoachmarks (http://localhost:3002/_next/static/chunks/src_components_SpotlightCoachmarks_tsx_099htzu._.js?id=%255Bproject%255D%252Fsrc%252Fcomponents%252FSpotlightCoachmarks.tsx+%255Bapp-client%255D+%2528ecmascript%2529:200:19)
    at Object.react_stack_bottom_frame (http://localhost:3002/_next/static/chunks/node_modules_next_dist_compiled_react-dom_058-ah~._.js:15037:24)
    at renderWithHooks (http://localhost:3002/_next/static/chunks/node_modules_next_dist_compiled_react-dom_058-ah~._.js:4620:24)
    at updateFunctionComponent (http://localhost:3002/_next/static/chunks/node_modules_next_dist_compiled_react-dom_058-ah~._.js:6081:21)
    at beginWork (http://localhost:3002/_next/static/chunks/node_modules_next_dist_compiled_react-dom_058-ah~._.js:6691:24)
    at runWithFiberInDEV (http://localhost:3002/_next/static/chunks/node_modules_next_dist_compiled_react-dom_058-ah~._.js:965:74)
    at performUnitOfWork (http://localhost:3002/_next/static/chunks/node_modules_next_dist_compiled_react-dom_058-ah~._.js:9555:97)
    at workLoopSync (http://localhost:3002/_next/static/chunks/node_modules_next_dist_compiled_react-dom_058-ah~._.js:9449:40)
    at renderRootSync (http://localhost:3002/_next/static/chunks/node_modules_next_dist_compiled_react-dom_058-ah~._.js:9433:13)
    at performWorkOnRoot (http://localhost:3002/_next/static/chunks/node_modules_next_dist_compiled_react-dom_058-ah~._.js:9061:186)
    at performSyncWorkOnRoot (http://localhost:3002/_next/static/chunks/node_modules_next_dist_compiled_react-dom_058-ah~._.js:10263:9)
    at flushSyncWorkAcrossRoots_impl (http://localhost:3002/_next/static/chunks/node_modules_next_dist_compiled_react-dom_058-ah~._.js:10179:316)
    at flushSyncWork$1 (http://localhost:3002/_next/static/chunks/node_modules_next_dist_compiled_react-dom_058-ah~._.js:9230:86)
    at Object.scheduleRefresh (http://localhost:3002/_next/static/chunks/node_modules_next_dist_compiled_react-dom_058-ah~._.js:299:13)
    at http://localhost:3002/_next/static/chunks/node_modules_next_dist_compiled_0rpq4pf._.js:391:33
    at Set.forEach (<anonymous>)
    at Object.performReactRefresh (http://localhost:3002/_next/static/chunks/node_modules_next_dist_compiled_0rpq4pf._.js:384:38)
    at applyUpdate (http://localhost:3002/_next/static/chunks/node_modules_next_dist_compiled_0rpq4pf._.js:878:31)
    at http://localhost:3002/_next/static/chunks/node_modules_next_dist_compiled_0rpq4pf._.js:886:13 @ http://localhost:3002/_next/static/chunks/node_modules_next_dist_115brz8._.js:3272
[ 2051094ms] [ERROR] IntlError: MISSING_MESSAGE: Could not resolve `onboarding` in messages for locale `en`.
    at getMessagesOrError (http://localhost:3002/_next/static/chunks/node_modules_03zhy7f._.js:4153:27)
    at createBaseTranslator (http://localhost:3002/_next/static/chunks/node_modules_03zhy7f._.js:4158:29)
    at useTranslationsImpl.useMemo[translate] (http://localhost:3002/_next/static/chunks/node_modules_03zhy7f._.js:4673:253)
    at mountMemo (http://localhost:3002/_next/static/chunks/node_modules_next_dist_compiled_react-dom_058-ah~._.js:5393:25)
    at Object.useMemo (http://localhost:3002/_next/static/chunks/node_modules_next_dist_compiled_react-dom_058-ah~._.js:15213:24)
    at exports.useMemo (http://localhost:3002/_next/static/chunks/node_modules_next_dist_compiled_0rpq4pf._.js:1742:36)
    at useTranslationsImpl (http://localhost:3002/_next/static/chunks/node_modules_03zhy7f._.js:4672:196)
    at useTranslations (http://localhost:3002/_next/static/chunks/node_modules_03zhy7f._.js:4711:12)
    at http://localhost:3002/_next/static/chunks/node_modules_03zhy7f._.js:4871:20
    at useSteps (http://localhost:3002/_next/static/chunks/src_components_SpotlightCoachmarks_tsx_099htzu._.js?id=%255Bproject%255D%252Fsrc%252Fcomponents%252FSpotlightCoachmarks.tsx+%255Bapp-client%255D+%2528ecmascript%2529:169:224)
    at SpotlightCoachmarks (http://localhost:3002/_next/static/chunks/src_components_SpotlightCoachmarks_tsx_099htzu._.js?id=%255Bproject%255D%252Fsrc%252Fcomponents%252FSpotlightCoachmarks.tsx+%255Bapp-client%255D+%2528ecmascript%2529:200:19)
    at Object.react_stack_bottom_frame (http://localhost:3002/_next/static/chunks/node_modules_next_dist_compiled_react-dom_058-ah~._.js:15037:24)
    at renderWithHooks (http://localhost:3002/_next/static/chunks/node_modules_next_dist_compiled_react-dom_058-ah~._.js:4620:24)
    at updateFunctionComponent (http://localhost:3002/_next/static/chunks/node_modules_next_dist_compiled_react-dom_058-ah~._.js:6081:21)
    at beginWork (http://localhost:3002/_next/static/chunks/node_modules_next_dist_compiled_react-dom_058-ah~._.js:6691:24)
    at runWithFiberInDEV (http://localhost:3002/_next/static/chunks/node_modules_next_dist_compiled_react-dom_058-ah~._.js:965:74)
    at performUnitOfWork (http://localhost:3002/_next/static/chunks/node_modules_next_dist_compiled_react-dom_058-ah~._.js:9555:97)
    at workLoopSync (http://localhost:3002/_next/static/chunks/node_modules_next_dist_compiled_react-dom_058-ah~._.js:9449:40)
    at renderRootSync (http://localhost:3002/_next/static/chunks/node_modules_next_dist_compiled_react-dom_058-ah~._.js:9433:13)
    at performWorkOnRoot (http://localhost:3002/_next/static/chunks/node_modules_next_dist_compiled_react-dom_058-ah~._.js:9061:186)
    at performSyncWorkOnRoot (http://localhost:3002/_next/static/chunks/node_modules_next_dist_compiled_react-dom_058-ah~._.js:10263:9)
    at flushSyncWorkAcrossRoots_impl (http://localhost:3002/_next/static/chunks/node_modules_next_dist_compiled_react-dom_058-ah~._.js:10179:316)
    at flushSyncWork$1 (http://localhost:3002/_next/static/chunks/node_modules_next_dist_compiled_react-dom_058-ah~._.js:9230:86)
    at Object.scheduleRefresh (http://localhost:3002/_next/static/chunks/node_modules_next_dist_compiled_react-dom_058-ah~._.js:299:13)
    at http://localhost:3002/_next/static/chunks/node_modules_next_dist_compiled_0rpq4pf._.js:391:33
    at Set.forEach (<anonymous>)
    at Object.performReactRefresh (http://localhost:3002/_next/static/chunks/node_modules_next_dist_compiled_0rpq4pf._.js:384:38)
    at applyUpdate (http://localhost:3002/_next/static/chunks/node_modules_next_dist_compiled_0rpq4pf._.js:878:31)
    at http://localhost:3002/_next/static/chunks/node_modules_next_dist_compiled_0rpq4pf._.js:886:13 @ http://localhost:3002/_next/static/chunks/node_modules_next_dist_115brz8._.js:3272
[ 2051095ms] [ERROR] IntlError: MISSING_MESSAGE: Could not resolve `onboarding` in messages for locale `en`.
    at getMessagesOrError (http://localhost:3002/_next/static/chunks/node_modules_03zhy7f._.js:4153:27)
    at createBaseTranslator (http://localhost:3002/_next/static/chunks/node_modules_03zhy7f._.js:4158:29)
    at useTranslationsImpl.useMemo[translate] (http://localhost:3002/_next/static/chunks/node_modules_03zhy7f._.js:4673:253)
    at mountMemo (http://localhost:3002/_next/static/chunks/node_modules_next_dist_compiled_react-dom_058-ah~._.js:5393:25)
    at Object.useMemo (http://localhost:3002/_next/static/chunks/node_modules_next_dist_compiled_react-dom_058-ah~._.js:15213:24)
    at exports.useMemo (http://localhost:3002/_next/static/chunks/node_modules_next_dist_compiled_0rpq4pf._.js:1742:36)
    at useTranslationsImpl (http://localhost:3002/_next/static/chunks/node_modules_03zhy7f._.js:4672:196)
    at useTranslations (http://localhost:3002/_next/static/chunks/node_modules_03zhy7f._.js:4711:12)
    at http://localhost:3002/_next/static/chunks/node_modules_03zhy7f._.js:4871:20
    at useSteps (http://localhost:3002/_next/static/chunks/src_components_SpotlightCoachmarks_tsx_099htzu._.js?id=%255Bproject%255D%252Fsrc%252Fcomponents%252FSpotlightCoachmarks.tsx+%255Bapp-client%255D+%2528ecmascript%2529:169:224)
    at SpotlightCoachmarks (http://localhost:3002/_next/static/chunks/src_components_SpotlightCoachmarks_tsx_099htzu._.js?id=%255Bproject%255D%252Fsrc%252Fcomponents%252FSpotlightCoachmarks.tsx+%255Bapp-client%255D+%2528ecmascript%2529:200:19)
    at Object.react_stack_bottom_frame (http://localhost:3002/_next/static/chunks/node_modules_next_dist_compiled_react-dom_058-ah~._.js:15037:24)
    at renderWithHooks (http://localhost:3002/_next/static/chunks/node_modules_next_dist_compiled_react-dom_058-ah~._.js:4620:24)
    at updateFunctionComponent (http://localhost:3002/_next/static/chunks/node_modules_next_dist_compiled_react-dom_058-ah~._.js:6081:21)
    at beginWork (http://localhost:3002/_next/static/chunks/node_modules_next_dist_compiled_react-dom_058-ah~._.js:6691:24)
    at runWithFiberInDEV (http://localhost:3002/_next/static/chunks/node_modules_next_dist_compiled_react-dom_058-ah~._.js:965:74)
    at performUnitOfWork (http://localhost:3002/_next/static/chunks/node_modules_next_dist_compiled_react-dom_058-ah~._.js:9555:97)
    at workLoopSync (http://localhost:3002/_next/static/chunks/node_modules_next_dist_compiled_react-dom_058-ah~._.js:9449:40)
    at renderRootSync (http://localhost:3002/_next/static/chunks/node_modules_next_dist_compiled_react-dom_058-ah~._.js:9433:13)
    at performWorkOnRoot (http://localhost:3002/_next/static/chunks/node_modules_next_dist_compiled_react-dom_058-ah~._.js:9061:186)
    at performSyncWorkOnRoot (http://localhost:3002/_next/static/chunks/node_modules_next_dist_compiled_react-dom_058-ah~._.js:10263:9)
    at flushSyncWorkAcrossRoots_impl (http://localhost:3002/_next/static/chunks/node_modules_next_dist_compiled_react-dom_058-ah~._.js:10179:316)
    at flushSyncWork$1 (http://localhost:3002/_next/static/chunks/node_modules_next_dist_compiled_react-dom_058-ah~._.js:9230:86)
    at Object.scheduleRefresh (http://localhost:3002/_next/static/chunks/node_modules_next_dist_compiled_react-dom_058-ah~._.js:299:13)
    at http://localhost:3002/_next/static/chunks/node_modules_next_dist_compiled_0rpq4pf._.js:391:33
    at Set.forEach (<anonymous>)
    at Object.performReactRefresh (http://localhost:3002/_next/static/chunks/node_modules_next_dist_compiled_0rpq4pf._.js:384:38)
    at applyUpdate (http://localhost:3002/_next/static/chunks/node_modules_next_dist_compiled_0rpq4pf._.js:878:31)
    at http://localhost:3002/_next/static/chunks/node_modules_next_dist_compiled_0rpq4pf._.js:886:13 @ http://localhost:3002/_next/static/chunks/node_modules_next_dist_115brz8._.js:3272
[ 2051095ms] [ERROR] IntlError: MISSING_MESSAGE: Could not resolve `onboarding` in messages for locale `en`.
    at getMessagesOrError (http://localhost:3002/_next/static/chunks/node_modules_03zhy7f._.js:4153:27)
    at createBaseTranslator (http://localhost:3002/_next/static/chunks/node_modules_03zhy7f._.js:4158:29)
    at useTranslationsImpl.useMemo[translate] (http://localhost:3002/_next/static/chunks/node_modules_03zhy7f._.js:4673:253)
    at mountMemo (http://localhost:3002/_next/static/chunks/node_modules_next_dist_compiled_react-dom_058-ah~._.js:5393:25)
    at Object.useMemo (http://localhost:3002/_next/static/chunks/node_modules_next_dist_compiled_react-dom_058-ah~._.js:15213:24)
    at exports.useMemo (http://localhost:3002/_next/static/chunks/node_modules_next_dist_compiled_0rpq4pf._.js:1742:36)
    at useTranslationsImpl (http://localhost:3002/_next/static/chunks/node_modules_03zhy7f._.js:4672:196)
    at useTranslations (http://localhost:3002/_next/static/chunks/node_modules_03zhy7f._.js:4711:12)
    at http://localhost:3002/_next/static/chunks/node_modules_03zhy7f._.js:4871:20
    at useSteps (http://localhost:3002/_next/static/chunks/src_components_SpotlightCoachmarks_tsx_099htzu._.js?id=%255Bproject%255D%252Fsrc%252Fcomponents%252FSpotlightCoachmarks.tsx+%255Bapp-client%255D+%2528ecmascript%2529:169:224)
    at SpotlightCoachmarks (http://localhost:3002/_next/static/chunks/src_components_SpotlightCoachmarks_tsx_099htzu._.js?id=%255Bproject%255D%252Fsrc%252Fcomponents%252FSpotlightCoachmarks.tsx+%255Bapp-client%255D+%2528ecmascript%2529:200:19)
    at Object.react_stack_bottom_frame (http://localhost:3002/_next/static/chunks/node_modules_next_dist_compiled_react-dom_058-ah~._.js:15037:24)
    at renderWithHooks (http://localhost:3002/_next/static/chunks/node_modules_next_dist_compiled_react-dom_058-ah~._.js:4620:24)
    at updateFunctionComponent (http://localhost:3002/_next/static/chunks/node_modules_next_dist_compiled_react-dom_058-ah~._.js:6081:21)
    at beginWork (http://localhost:3002/_next/static/chunks/node_modules_next_dist_compiled_react-dom_058-ah~._.js:6691:24)
    at runWithFiberInDEV (http://localhost:3002/_next/static/chunks/node_modules_next_dist_compiled_react-dom_058-ah~._.js:965:74)
    at performUnitOfWork (http://localhost:3002/_next/static/chunks/node_modules_next_dist_compiled_react-dom_058-ah~._.js:9555:97)
    at workLoopSync (http://localhost:3002/_next/static/chunks/node_modules_next_dist_compiled_react-dom_058-ah~._.js:9449:40)
    at renderRootSync (http://localhost:3002/_next/static/chunks/node_modules_next_dist_compiled_react-dom_058-ah~._.js:9433:13)
    at performWorkOnRoot (http://localhost:3002/_next/static/chunks/node_modules_next_dist_compiled_react-dom_058-ah~._.js:9061:186)
    at performSyncWorkOnRoot (http://localhost:3002/_next/static/chunks/node_modules_next_dist_compiled_react-dom_058-ah~._.js:10263:9)
    at flushSyncWorkAcrossRoots_impl (http://localhost:3002/_next/static/chunks/node_modules_next_dist_compiled_react-dom_058-ah~._.js:10179:316)
    at flushSyncWork$1 (http://localhost:3002/_next/static/chunks/node_modules_next_dist_compiled_react-dom_058-ah~._.js:9230:86)
    at Object.scheduleRefresh (http://localhost:3002/_next/static/chunks/node_modules_next_dist_compiled_react-dom_058-ah~._.js:299:13)
    at http://localhost:3002/_next/static/chunks/node_modules_next_dist_compiled_0rpq4pf._.js:391:33
    at Set.forEach (<anonymous>)
    at Object.performReactRefresh (http://localhost:3002/_next/static/chunks/node_modules_next_dist_compiled_0rpq4pf._.js:384:38)
    at applyUpdate (http://localhost:3002/_next/static/chunks/node_modules_next_dist_compiled_0rpq4pf._.js:878:31)
    at http://localhost:3002/_next/static/chunks/node_modules_next_dist_compiled_0rpq4pf._.js:886:13 @ http://localhost:3002/_next/static/chunks/node_modules_next_dist_115brz8._.js:3272
[ 2051095ms] [ERROR] IntlError: MISSING_MESSAGE: Could not resolve `onboarding` in messages for locale `en`.
    at getMessagesOrError (http://localhost:3002/_next/static/chunks/node_modules_03zhy7f._.js:4153:27)
    at createBaseTranslator (http://localhost:3002/_next/static/chunks/node_modules_03zhy7f._.js:4158:29)
    at useTranslationsImpl.useMemo[translate] (http://localhost:3002/_next/static/chunks/node_modules_03zhy7f._.js:4673:253)
    at mountMemo (http://localhost:3002/_next/static/chunks/node_modules_next_dist_compiled_react-dom_058-ah~._.js:5393:25)
    at Object.useMemo (http://localhost:3002/_next/static/chunks/node_modules_next_dist_compiled_react-dom_058-ah~._.js:15213:24)
    at exports.useMemo (http://localhost:3002/_next/static/chunks/node_modules_next_dist_compiled_0rpq4pf._.js:1742:36)
    at useTranslationsImpl (http://localhost:3002/_next/static/chunks/node_modules_03zhy7f._.js:4672:196)
    at useTranslations (http://localhost:3002/_next/static/chunks/node_modules_03zhy7f._.js:4711:12)
    at http://localhost:3002/_next/static/chunks/node_modules_03zhy7f._.js:4871:20
    at useSteps (http://localhost:3002/_next/static/chunks/src_components_SpotlightCoachmarks_tsx_099htzu._.js?id=%255Bproject%255D%252Fsrc%252Fcomponents%252FSpotlightCoachmarks.tsx+%255Bapp-client%255D+%2528ecmascript%2529:169:224)
    at SpotlightCoachmarks (http://localhost:3002/_next/static/chunks/src_components_SpotlightCoachmarks_tsx_099htzu._.js?id=%255Bproject%255D%252Fsrc%252Fcomponents%252FSpotlightCoachmarks.tsx+%255Bapp-client%255D+%2528ecmascript%2529:200:19)
    at Object.react_stack_bottom_frame (http://localhost:3002/_next/static/chunks/node_modules_next_dist_compiled_react-dom_058-ah~._.js:15037:24)
    at renderWithHooks (http://localhost:3002/_next/static/chunks/node_modules_next_dist_compiled_react-dom_058-ah~._.js:4620:24)
    at updateFunctionComponent (http://localhost:3002/_next/static/chunks/node_modules_next_dist_compiled_react-dom_058-ah~._.js:6081:21)
    at beginWork (http://localhost:3002/_next/static/chunks/node_modules_next_dist_compiled_react-dom_058-ah~._.js:6691:24)
    at runWithFiberInDEV (http://localhost:3002/_next/static/chunks/node_modules_next_dist_compiled_react-dom_058-ah~._.js:965:74)
    at performUnitOfWork (http://localhost:3002/_next/static/chunks/node_modules_next_dist_compiled_react-dom_058-ah~._.js:9555:97)
    at workLoopSync (http://localhost:3002/_next/static/chunks/node_modules_next_dist_compiled_react-dom_058-ah~._.js:9449:40)
    at renderRootSync (http://localhost:3002/_next/static/chunks/node_modules_next_dist_compiled_react-dom_058-ah~._.js:9433:13)
    at performWorkOnRoot (http://localhost:3002/_next/static/chunks/node_modules_next_dist_compiled_react-dom_058-ah~._.js:9061:186)
    at performSyncWorkOnRoot (http://localhost:3002/_next/static/chunks/node_modules_next_dist_compiled_react-dom_058-ah~._.js:10263:9)
    at flushSyncWorkAcrossRoots_impl (http://localhost:3002/_next/static/chunks/node_modules_next_dist_compiled_react-dom_058-ah~._.js:10179:316)
    at flushSyncWork$1 (http://localhost:3002/_next/static/chunks/node_modules_next_dist_compiled_react-dom_058-ah~._.js:9230:86)
    at Object.scheduleRefresh (http://localhost:3002/_next/static/chunks/node_modules_next_dist_compiled_react-dom_058-ah~._.js:299:13)
    at http://localhost:3002/_next/static/chunks/node_modules_next_dist_compiled_0rpq4pf._.js:391:33
    at Set.forEach (<anonymous>)
    at Object.performReactRefresh (http://localhost:3002/_next/static/chunks/node_modules_next_dist_compiled_0rpq4pf._.js:384:38)
    at applyUpdate (http://localhost:3002/_next/static/chunks/node_modules_next_dist_compiled_0rpq4pf._.js:878:31)
    at http://localhost:3002/_next/static/chunks/node_modules_next_dist_compiled_0rpq4pf._.js:886:13 @ http://localhost:3002/_next/static/chunks/node_modules_next_dist_115brz8._.js:3272
[ 2051095ms] [ERROR] IntlError: MISSING_MESSAGE: Could not resolve `onboarding` in messages for locale `en`.
    at getMessagesOrError (http://localhost:3002/_next/static/chunks/node_modules_03zhy7f._.js:4153:27)
    at createBaseTranslator (http://localhost:3002/_next/static/chunks/node_modules_03zhy7f._.js:4158:29)
    at useTranslationsImpl.useMemo[translate] (http://localhost:3002/_next/static/chunks/node_modules_03zhy7f._.js:4673:253)
    at mountMemo (http://localhost:3002/_next/static/chunks/node_modules_next_dist_compiled_react-dom_058-ah~._.js:5393:25)
    at Object.useMemo (http://localhost:3002/_next/static/chunks/node_modules_next_dist_compiled_react-dom_058-ah~._.js:15213:24)
    at exports.useMemo (http://localhost:3002/_next/static/chunks/node_modules_next_dist_compiled_0rpq4pf._.js:1742:36)
    at useTranslationsImpl (http://localhost:3002/_next/static/chunks/node_modules_03zhy7f._.js:4672:196)
    at useTranslations (http://localhost:3002/_next/static/chunks/node_modules_03zhy7f._.js:4711:12)
    at http://localhost:3002/_next/static/chunks/node_modules_03zhy7f._.js:4871:20
    at useSteps (http://localhost:3002/_next/static/chunks/src_components_SpotlightCoachmarks_tsx_099htzu._.js?id=%255Bproject%255D%252Fsrc%252Fcomponents%252FSpotlightCoachmarks.tsx+%255Bapp-client%255D+%2528ecmascript%2529:169:224)
    at SpotlightCoachmarks (http://localhost:3002/_next/static/chunks/src_components_SpotlightCoachmarks_tsx_099htzu._.js?id=%255Bproject%255D%252Fsrc%252Fcomponents%252FSpotlightCoachmarks.tsx+%255Bapp-client%255D+%2528ecmascript%2529:200:19)
    at Object.react_stack_bottom_frame (http://localhost:3002/_next/static/chunks/node_modules_next_dist_compiled_react-dom_058-ah~._.js:15037:24)
    at renderWithHooks (http://localhost:3002/_next/static/chunks/node_modules_next_dist_compiled_react-dom_058-ah~._.js:4620:24)
    at updateFunctionComponent (http://localhost:3002/_next/static/chunks/node_modules_next_dist_compiled_react-dom_058-ah~._.js:6081:21)
    at beginWork (http://localhost:3002/_next/static/chunks/node_modules_next_dist_compiled_react-dom_058-ah~._.js:6691:24)
    at runWithFiberInDEV (http://localhost:3002/_next/static/chunks/node_modules_next_dist_compiled_react-dom_058-ah~._.js:965:74)
    at performUnitOfWork (http://localhost:3002/_next/static/chunks/node_modules_next_dist_compiled_react-dom_058-ah~._.js:9555:97)
    at workLoopSync (http://localhost:3002/_next/static/chunks/node_modules_next_dist_compiled_react-dom_058-ah~._.js:9449:40)
    at renderRootSync (http://localhost:3002/_next/static/chunks/node_modules_next_dist_compiled_react-dom_058-ah~._.js:9433:13)
    at performWorkOnRoot (http://localhost:3002/_next/static/chunks/node_modules_next_dist_compiled_react-dom_058-ah~._.js:9061:186)
    at performSyncWorkOnRoot (http://localhost:3002/_next/static/chunks/node_modules_next_dist_compiled_react-dom_058-ah~._.js:10263:9)
    at flushSyncWorkAcrossRoots_impl (http://localhost:3002/_next/static/chunks/node_modules_next_dist_compiled_react-dom_058-ah~._.js:10179:316)
    at flushSyncWork$1 (http://localhost:3002/_next/static/chunks/node_modules_next_dist_compiled_react-dom_058-ah~._.js:9230:86)
    at Object.scheduleRefresh (http://localhost:3002/_next/static/chunks/node_modules_next_dist_compiled_react-dom_058-ah~._.js:299:13)
    at http://localhost:3002/_next/static/chunks/node_modules_next_dist_compiled_0rpq4pf._.js:391:33
    at Set.forEach (<anonymous>)
    at Object.performReactRefresh (http://localhost:3002/_next/static/chunks/node_modules_next_dist_compiled_0rpq4pf._.js:384:38)
    at applyUpdate (http://localhost:3002/_next/static/chunks/node_modules_next_dist_compiled_0rpq4pf._.js:878:31)
    at http://localhost:3002/_next/static/chunks/node_modules_next_dist_compiled_0rpq4pf._.js:886:13 @ http://localhost:3002/_next/static/chunks/node_modules_next_dist_115brz8._.js:3272
[ 2051096ms] [ERROR] IntlError: MISSING_MESSAGE: Could not resolve `onboarding` in messages for locale `en`.
    at getMessagesOrError (http://localhost:3002/_next/static/chunks/node_modules_03zhy7f._.js:4153:27)
    at createBaseTranslator (http://localhost:3002/_next/static/chunks/node_modules_03zhy7f._.js:4158:29)
    at useTranslationsImpl.useMemo[translate] (http://localhost:3002/_next/static/chunks/node_modules_03zhy7f._.js:4673:253)
    at mountMemo (http://localhost:3002/_next/static/chunks/node_modules_next_dist_compiled_react-dom_058-ah~._.js:5393:25)
    at Object.useMemo (http://localhost:3002/_next/static/chunks/node_modules_next_dist_compiled_react-dom_058-ah~._.js:15213:24)
    at exports.useMemo (http://localhost:3002/_next/static/chunks/node_modules_next_dist_compiled_0rpq4pf._.js:1742:36)
    at useTranslationsImpl (http://localhost:3002/_next/static/chunks/node_modules_03zhy7f._.js:4672:196)
    at useTranslations (http://localhost:3002/_next/static/chunks/node_modules_03zhy7f._.js:4711:12)
    at http://localhost:3002/_next/static/chunks/node_modules_03zhy7f._.js:4871:20
    at useSteps (http://localhost:3002/_next/static/chunks/src_components_SpotlightCoachmarks_tsx_099htzu._.js?id=%255Bproject%255D%252Fsrc%252Fcomponents%252FSpotlightCoachmarks.tsx+%255Bapp-client%255D+%2528ecmascript%2529:169:224)
    at SpotlightCoachmarks (http://localhost:3002/_next/static/chunks/src_components_SpotlightCoachmarks_tsx_099htzu._.js?id=%255Bproject%255D%252Fsrc%252Fcomponents%252FSpotlightCoachmarks.tsx+%255Bapp-client%255D+%2528ecmascript%2529:200:19)
    at Object.react_stack_bottom_frame (http://localhost:3002/_next/static/chunks/node_modules_next_dist_compiled_react-dom_058-ah~._.js:15037:24)
    at renderWithHooks (http://localhost:3002/_next/static/chunks/node_modules_next_dist_compiled_react-dom_058-ah~._.js:4620:24)
    at updateFunctionComponent (http://localhost:3002/_next/static/chunks/node_modules_next_dist_compiled_react-dom_058-ah~._.js:6081:21)
    at beginWork (http://localhost:3002/_next/static/chunks/node_modules_next_dist_compiled_react-dom_058-ah~._.js:6691:24)
    at runWithFiberInDEV (http://localhost:3002/_next/static/chunks/node_modules_next_dist_compiled_react-dom_058-ah~._.js:965:74)
    at performUnitOfWork (http://localhost:3002/_next/static/chunks/node_modules_next_dist_compiled_react-dom_058-ah~._.js:9555:97)
    at workLoopSync (http://localhost:3002/_next/static/chunks/node_modules_next_dist_compiled_react-dom_058-ah~._.js:9449:40)
    at renderRootSync (http://localhost:3002/_next/static/chunks/node_modules_next_dist_compiled_react-dom_058-ah~._.js:9433:13)
    at performWorkOnRoot (http://localhost:3002/_next/static/chunks/node_modules_next_dist_compiled_react-dom_058-ah~._.js:9061:186)
    at performSyncWorkOnRoot (http://localhost:3002/_next/static/chunks/node_modules_next_dist_compiled_react-dom_058-ah~._.js:10263:9)
    at flushSyncWorkAcrossRoots_impl (http://localhost:3002/_next/static/chunks/node_modules_next_dist_compiled_react-dom_058-ah~._.js:10179:316)
    at flushSyncWork$1 (http://localhost:3002/_next/static/chunks/node_modules_next_dist_compiled_react-dom_058-ah~._.js:9230:86)
    at Object.scheduleRefresh (http://localhost:3002/_next/static/chunks/node_modules_next_dist_compiled_react-dom_058-ah~._.js:299:13)
    at http://localhost:3002/_next/static/chunks/node_modules_next_dist_compiled_0rpq4pf._.js:391:33
    at Set.forEach (<anonymous>)
    at Object.performReactRefresh (http://localhost:3002/_next/static/chunks/node_modules_next_dist_compiled_0rpq4pf._.js:384:38)
    at applyUpdate (http://localhost:3002/_next/static/chunks/node_modules_next_dist_compiled_0rpq4pf._.js:878:31)
    at http://localhost:3002/_next/static/chunks/node_modules_next_dist_compiled_0rpq4pf._.js:886:13 @ http://localhost:3002/_next/static/chunks/node_modules_next_dist_115brz8._.js:3272
[ 2051097ms] [ERROR] IntlError: MISSING_MESSAGE: Could not resolve `onboarding` in messages for locale `en`.
    at getMessagesOrError (http://localhost:3002/_next/static/chunks/node_modules_03zhy7f._.js:4153:27)
    at createBaseTranslator (http://localhost:3002/_next/static/chunks/node_modules_03zhy7f._.js:4158:29)
    at useTranslationsImpl.useMemo[translate] (http://localhost:3002/_next/static/chunks/node_modules_03zhy7f._.js:4673:253)
    at mountMemo (http://localhost:3002/_next/static/chunks/node_modules_next_dist_compiled_react-dom_058-ah~._.js:5393:25)
    at Object.useMemo (http://localhost:3002/_next/static/chunks/node_modules_next_dist_compiled_react-dom_058-ah~._.js:15213:24)
    at exports.useMemo (http://localhost:3002/_next/static/chunks/node_modules_next_dist_compiled_0rpq4pf._.js:1742:36)
    at useTranslationsImpl (http://localhost:3002/_next/static/chunks/node_modules_03zhy7f._.js:4672:196)
    at useTranslations (http://localhost:3002/_next/static/chunks/node_modules_03zhy7f._.js:4711:12)
    at http://localhost:3002/_next/static/chunks/node_modules_03zhy7f._.js:4871:20
    at useSteps (http://localhost:3002/_next/static/chunks/src_components_SpotlightCoachmarks_tsx_099htzu._.js?id=%255Bproject%255D%252Fsrc%252Fcomponents%252FSpotlightCoachmarks.tsx+%255Bapp-client%255D+%2528ecmascript%2529:169:224)
    at SpotlightCoachmarks (http://localhost:3002/_next/static/chunks/src_components_SpotlightCoachmarks_tsx_099htzu._.js?id=%255Bproject%255D%252Fsrc%252Fcomponents%252FSpotlightCoachmarks.tsx+%255Bapp-client%255D+%2528ecmascript%2529:200:19)
    at Object.react_stack_bottom_frame (http://localhost:3002/_next/static/chunks/node_modules_next_dist_compiled_react-dom_058-ah~._.js:15037:24)
    at renderWithHooks (http://localhost:3002/_next/static/chunks/node_modules_next_dist_compiled_react-dom_058-ah~._.js:4620:24)
    at updateFunctionComponent (http://localhost:3002/_next/static/chunks/node_modules_next_dist_compiled_react-dom_058-ah~._.js:6081:21)
    at beginWork (http://localhost:3002/_next/static/chunks/node_modules_next_dist_compiled_react-dom_058-ah~._.js:6691:24)
    at runWithFiberInDEV (http://localhost:3002/_next/static/chunks/node_modules_next_dist_compiled_react-dom_058-ah~._.js:965:74)
    at performUnitOfWork (http://localhost:3002/_next/static/chunks/node_modules_next_dist_compiled_react-dom_058-ah~._.js:9555:97)
    at workLoopSync (http://localhost:3002/_next/static/chunks/node_modules_next_dist_compiled_react-dom_058-ah~._.js:9449:40)
    at renderRootSync (http://localhost:3002/_next/static/chunks/node_modules_next_dist_compiled_react-dom_058-ah~._.js:9433:13)
    at performWorkOnRoot (http://localhost:3002/_next/static/chunks/node_modules_next_dist_compiled_react-dom_058-ah~._.js:9061:186)
    at performSyncWorkOnRoot (http://localhost:3002/_next/static/chunks/node_modules_next_dist_compiled_react-dom_058-ah~._.js:10263:9)
    at flushSyncWorkAcrossRoots_impl (http://localhost:3002/_next/static/chunks/node_modules_next_dist_compiled_react-dom_058-ah~._.js:10179:316)
    at flushSyncWork$1 (http://localhost:3002/_next/static/chunks/node_modules_next_dist_compiled_react-dom_058-ah~._.js:9230:86)
    at Object.scheduleRefresh (http://localhost:3002/_next/static/chunks/node_modules_next_dist_compiled_react-dom_058-ah~._.js:299:13)
    at http://localhost:3002/_next/static/chunks/node_modules_next_dist_compiled_0rpq4pf._.js:391:33
    at Set.forEach (<anonymous>)
    at Object.performReactRefresh (http://localhost:3002/_next/static/chunks/node_modules_next_dist_compiled_0rpq4pf._.js:384:38)
    at applyUpdate (http://localhost:3002/_next/static/chunks/node_modules_next_dist_compiled_0rpq4pf._.js:878:31)
    at http://localhost:3002/_next/static/chunks/node_modules_next_dist_compiled_0rpq4pf._.js:886:13 @ http://localhost:3002/_next/static/chunks/node_modules_next_dist_115brz8._.js:3272
[ 2051108ms] [LOG] [Fast Refresh] done in 757ms @ http://localhost:3002/_next/static/chunks/node_modules_next_dist_115brz8._.js:2431
[ 2051263ms] [LOG] [Fast Refresh] rebuilding @ http://localhost:3002/_next/static/chunks/node_modules_next_dist_115brz8._.js:2431
[ 2051329ms] [LOG] [Fast Refresh] done in 167ms @ http://localhost:3002/_next/static/chunks/node_modules_next_dist_115brz8._.js:2431
[ 2054533ms] [LOG] [Fast Refresh] rebuilding @ http://localhost:3002/_next/static/chunks/node_modules_next_dist_115brz8._.js:2431
[ 2054539ms] [ERROR] IntlError: MISSING_MESSAGE: Could not resolve `onboarding` in messages for locale `en`.
    at getMessagesOrError (http://localhost:3002/_next/static/chunks/node_modules_03zhy7f._.js:4153:27)
    at createBaseTranslator (http://localhost:3002/_next/static/chunks/node_modules_03zhy7f._.js:4158:29)
    at useTranslationsImpl.useMemo[translate] (http://localhost:3002/_next/static/chunks/node_modules_03zhy7f._.js:4673:253)
    at updateMemo (http://localhost:3002/_next/static/chunks/node_modules_next_dist_compiled_react-dom_058-ah~._.js:5413:21)
    at Object.useMemo (http://localhost:3002/_next/static/chunks/node_modules_next_dist_compiled_react-dom_058-ah~._.js:15465:24)
    at exports.useMemo (http://localhost:3002/_next/static/chunks/node_modules_next_dist_compiled_0rpq4pf._.js:1742:36)
    at useTranslationsImpl (http://localhost:3002/_next/static/chunks/node_modules_03zhy7f._.js:4672:196)
    at useTranslations (http://localhost:3002/_next/static/chunks/node_modules_03zhy7f._.js:4711:12)
    at http://localhost:3002/_next/static/chunks/node_modules_03zhy7f._.js:4871:20
    at useSteps (http://localhost:3002/_next/static/chunks/src_components_SpotlightCoachmarks_tsx_099htzu._.js?id=%255Bproject%255D%252Fsrc%252Fcomponents%252FSpotlightCoachmarks.tsx+%255Bapp-client%255D+%2528ecmascript%2529:169:224)
    at SpotlightCoachmarks (http://localhost:3002/_next/static/chunks/src_components_SpotlightCoachmarks_tsx_099htzu._.js?id=%255Bproject%255D%252Fsrc%252Fcomponents%252FSpotlightCoachmarks.tsx+%255Bapp-client%255D+%2528ecmascript%2529:200:19)
    at Object.react_stack_bottom_frame (http://localhost:3002/_next/static/chunks/node_modules_next_dist_compiled_react-dom_058-ah~._.js:15037:24)
    at renderWithHooks (http://localhost:3002/_next/static/chunks/node_modules_next_dist_compiled_react-dom_058-ah~._.js:4620:24)
    at updateFunctionComponent (http://localhost:3002/_next/static/chunks/node_modules_next_dist_compiled_react-dom_058-ah~._.js:6081:21)
    at beginWork (http://localhost:3002/_next/static/chunks/node_modules_next_dist_compiled_react-dom_058-ah~._.js:6691:24)
    at runWithFiberInDEV (http://localhost:3002/_next/static/chunks/node_modules_next_dist_compiled_react-dom_058-ah~._.js:965:74)
    at performUnitOfWork (http://localhost:3002/_next/static/chunks/node_modules_next_dist_compiled_react-dom_058-ah~._.js:9555:97)
    at workLoopSync (http://localhost:3002/_next/static/chunks/node_modules_next_dist_compiled_react-dom_058-ah~._.js:9449:40)
    at renderRootSync (http://localhost:3002/_next/static/chunks/node_modules_next_dist_compiled_react-dom_058-ah~._.js:9433:13)
    at performWorkOnRoot (http://localhost:3002/_next/static/chunks/node_modules_next_dist_compiled_react-dom_058-ah~._.js:9061:186)
    at performSyncWorkOnRoot (http://localhost:3002/_next/static/chunks/node_modules_next_dist_compiled_react-dom_058-ah~._.js:10263:9)
    at flushSyncWorkAcrossRoots_impl (http://localhost:3002/_next/static/chunks/node_modules_next_dist_compiled_react-dom_058-ah~._.js:10179:316)
    at flushSyncWork$1 (http://localhost:3002/_next/static/chunks/node_modules_next_dist_compiled_react-dom_058-ah~._.js:9230:86)
    at Object.scheduleRefresh (http://localhost:3002/_next/static/chunks/node_modules_next_dist_compiled_react-dom_058-ah~._.js:299:13)
    at http://localhost:3002/_next/static/chunks/node_modules_next_dist_compiled_0rpq4pf._.js:391:33
    at Set.forEach (<anonymous>)
    at Object.performReactRefresh (http://localhost:3002/_next/static/chunks/node_modules_next_dist_compiled_0rpq4pf._.js:384:38)
    at applyUpdate (http://localhost:3002/_next/static/chunks/node_modules_next_dist_compiled_0rpq4pf._.js:878:31)
    at http://localhost:3002/_next/static/chunks/node_modules_next_dist_compiled_0rpq4pf._.js:886:13 @ http://localhost:3002/_next/static/chunks/node_modules_next_dist_115brz8._.js:3272
[ 2054539ms] [ERROR] IntlError: MISSING_MESSAGE: Could not resolve `onboarding` in messages for locale `en`.
    at getMessagesOrError (http://localhost:3002/_next/static/chunks/node_modules_03zhy7f._.js:4153:27)
    at createBaseTranslator (http://localhost:3002/_next/static/chunks/node_modules_03zhy7f._.js:4158:29)
    at useTranslationsImpl.useMemo[translate] (http://localhost:3002/_next/static/chunks/node_modules_03zhy7f._.js:4673:253)
    at updateMemo (http://localhost:3002/_next/static/chunks/node_modules_next_dist_compiled_react-dom_058-ah~._.js:5413:21)
    at Object.useMemo (http://localhost:3002/_next/static/chunks/node_modules_next_dist_compiled_react-dom_058-ah~._.js:15465:24)
    at exports.useMemo (http://localhost:3002/_next/static/chunks/node_modules_next_dist_compiled_0rpq4pf._.js:1742:36)
    at useTranslationsImpl (http://localhost:3002/_next/static/chunks/node_modules_03zhy7f._.js:4672:196)
    at useTranslations (http://localhost:3002/_next/static/chunks/node_modules_03zhy7f._.js:4711:12)
    at http://localhost:3002/_next/static/chunks/node_modules_03zhy7f._.js:4871:20
    at useSteps (http://localhost:3002/_next/static/chunks/src_components_SpotlightCoachmarks_tsx_099htzu._.js?id=%255Bproject%255D%252Fsrc%252Fcomponents%252FSpotlightCoachmarks.tsx+%255Bapp-client%255D+%2528ecmascript%2529:169:224)
    at SpotlightCoachmarks (http://localhost:3002/_next/static/chunks/src_components_SpotlightCoachmarks_tsx_099htzu._.js?id=%255Bproject%255D%252Fsrc%252Fcomponents%252FSpotlightCoachmarks.tsx+%255Bapp-client%255D+%2528ecmascript%2529:200:19)
    at Object.react_stack_bottom_frame (http://localhost:3002/_next/static/chunks/node_modules_next_dist_compiled_react-dom_058-ah~._.js:15037:24)
    at renderWithHooks (http://localhost:3002/_next/static/chunks/node_modules_next_dist_compiled_react-dom_058-ah~._.js:4620:24)
    at updateFunctionComponent (http://localhost:3002/_next/static/chunks/node_modules_next_dist_compiled_react-dom_058-ah~._.js:6081:21)
    at beginWork (http://localhost:3002/_next/static/chunks/node_modules_next_dist_compiled_react-dom_058-ah~._.js:6691:24)
    at runWithFiberInDEV (http://localhost:3002/_next/static/chunks/node_modules_next_dist_compiled_react-dom_058-ah~._.js:965:74)
    at performUnitOfWork (http://localhost:3002/_next/static/chunks/node_modules_next_dist_compiled_react-dom_058-ah~._.js:9555:97)
    at workLoopSync (http://localhost:3002/_next/static/chunks/node_modules_next_dist_compiled_react-dom_058-ah~._.js:9449:40)
    at renderRootSync (http://localhost:3002/_next/static/chunks/node_modules_next_dist_compiled_react-dom_058-ah~._.js:9433:13)
    at performWorkOnRoot (http://localhost:3002/_next/static/chunks/node_modules_next_dist_compiled_react-dom_058-ah~._.js:9061:186)
    at performSyncWorkOnRoot (http://localhost:3002/_next/static/chunks/node_modules_next_dist_compiled_react-dom_058-ah~._.js:10263:9)
    at flushSyncWorkAcrossRoots_impl (http://localhost:3002/_next/static/chunks/node_modules_next_dist_compiled_react-dom_058-ah~._.js:10179:316)
    at flushSyncWork$1 (http://localhost:3002/_next/static/chunks/node_modules_next_dist_compiled_react-dom_058-ah~._.js:9230:86)
    at Object.scheduleRefresh (http://localhost:3002/_next/static/chunks/node_modules_next_dist_compiled_react-dom_058-ah~._.js:299:13)
    at http://localhost:3002/_next/static/chunks/node_modules_next_dist_compiled_0rpq4pf._.js:391:33
    at Set.forEach (<anonymous>)
    at Object.performReactRefresh (http://localhost:3002/_next/static/chunks/node_modules_next_dist_compiled_0rpq4pf._.js:384:38)
    at applyUpdate (http://localhost:3002/_next/static/chunks/node_modules_next_dist_compiled_0rpq4pf._.js:878:31)
    at http://localhost:3002/_next/static/chunks/node_modules_next_dist_compiled_0rpq4pf._.js:886:13 @ http://localhost:3002/_next/static/chunks/node_modules_next_dist_115brz8._.js:3272
[ 2054539ms] [ERROR] IntlError: MISSING_MESSAGE: Could not resolve `onboarding` in messages for locale `en`.
    at getMessagesOrError (http://localhost:3002/_next/static/chunks/node_modules_03zhy7f._.js:4153:27)
    at createBaseTranslator (http://localhost:3002/_next/static/chunks/node_modules_03zhy7f._.js:4158:29)
    at useTranslationsImpl.useMemo[translate] (http://localhost:3002/_next/static/chunks/node_modules_03zhy7f._.js:4673:253)
    at updateMemo (http://localhost:3002/_next/static/chunks/node_modules_next_dist_compiled_react-dom_058-ah~._.js:5413:21)
    at Object.useMemo (http://localhost:3002/_next/static/chunks/node_modules_next_dist_compiled_react-dom_058-ah~._.js:15465:24)
    at exports.useMemo (http://localhost:3002/_next/static/chunks/node_modules_next_dist_compiled_0rpq4pf._.js:1742:36)
    at useTranslationsImpl (http://localhost:3002/_next/static/chunks/node_modules_03zhy7f._.js:4672:196)
    at useTranslations (http://localhost:3002/_next/static/chunks/node_modules_03zhy7f._.js:4711:12)
    at http://localhost:3002/_next/static/chunks/node_modules_03zhy7f._.js:4871:20
    at useSteps (http://localhost:3002/_next/static/chunks/src_components_SpotlightCoachmarks_tsx_099htzu._.js?id=%255Bproject%255D%252Fsrc%252Fcomponents%252FSpotlightCoachmarks.tsx+%255Bapp-client%255D+%2528ecmascript%2529:169:224)
    at SpotlightCoachmarks (http://localhost:3002/_next/static/chunks/src_components_SpotlightCoachmarks_tsx_099htzu._.js?id=%255Bproject%255D%252Fsrc%252Fcomponents%252FSpotlightCoachmarks.tsx+%255Bapp-client%255D+%2528ecmascript%2529:200:19)
    at Object.react_stack_bottom_frame (http://localhost:3002/_next/static/chunks/node_modules_next_dist_compiled_react-dom_058-ah~._.js:15037:24)
    at renderWithHooks (http://localhost:3002/_next/static/chunks/node_modules_next_dist_compiled_react-dom_058-ah~._.js:4620:24)
    at updateFunctionComponent (http://localhost:3002/_next/static/chunks/node_modules_next_dist_compiled_react-dom_058-ah~._.js:6081:21)
    at beginWork (http://localhost:3002/_next/static/chunks/node_modules_next_dist_compiled_react-dom_058-ah~._.js:6691:24)
    at runWithFiberInDEV (http://localhost:3002/_next/static/chunks/node_modules_next_dist_compiled_react-dom_058-ah~._.js:965:74)
    at performUnitOfWork (http://localhost:3002/_next/static/chunks/node_modules_next_dist_compiled_react-dom_058-ah~._.js:9555:97)
    at workLoopSync (http://localhost:3002/_next/static/chunks/node_modules_next_dist_compiled_react-dom_058-ah~._.js:9449:40)
    at renderRootSync (http://localhost:3002/_next/static/chunks/node_modules_next_dist_compiled_react-dom_058-ah~._.js:9433:13)
    at performWorkOnRoot (http://localhost:3002/_next/static/chunks/node_modules_next_dist_compiled_react-dom_058-ah~._.js:9061:186)
    at performSyncWorkOnRoot (http://localhost:3002/_next/static/chunks/node_modules_next_dist_compiled_react-dom_058-ah~._.js:10263:9)
    at flushSyncWorkAcrossRoots_impl (http://localhost:3002/_next/static/chunks/node_modules_next_dist_compiled_react-dom_058-ah~._.js:10179:316)
    at flushSyncWork$1 (http://localhost:3002/_next/static/chunks/node_modules_next_dist_compiled_react-dom_058-ah~._.js:9230:86)
    at Object.scheduleRefresh (http://localhost:3002/_next/static/chunks/node_modules_next_dist_compiled_react-dom_058-ah~._.js:299:13)
    at http://localhost:3002/_next/static/chunks/node_modules_next_dist_compiled_0rpq4pf._.js:391:33
    at Set.forEach (<anonymous>)
    at Object.performReactRefresh (http://localhost:3002/_next/static/chunks/node_modules_next_dist_compiled_0rpq4pf._.js:384:38)
    at applyUpdate (http://localhost:3002/_next/static/chunks/node_modules_next_dist_compiled_0rpq4pf._.js:878:31)
    at http://localhost:3002/_next/static/chunks/node_modules_next_dist_compiled_0rpq4pf._.js:886:13 @ http://localhost:3002/_next/static/chunks/node_modules_next_dist_115brz8._.js:3272
[ 2054540ms] [ERROR] IntlError: MISSING_MESSAGE: Could not resolve `onboarding` in messages for locale `en`.
    at getMessagesOrError (http://localhost:3002/_next/static/chunks/node_modules_03zhy7f._.js:4153:27)
    at createBaseTranslator (http://localhost:3002/_next/static/chunks/node_modules_03zhy7f._.js:4158:29)
    at useTranslationsImpl.useMemo[translate] (http://localhost:3002/_next/static/chunks/node_modules_03zhy7f._.js:4673:253)
    at updateMemo (http://localhost:3002/_next/static/chunks/node_modules_next_dist_compiled_react-dom_058-ah~._.js:5413:21)
    at Object.useMemo (http://localhost:3002/_next/static/chunks/node_modules_next_dist_compiled_react-dom_058-ah~._.js:15465:24)
    at exports.useMemo (http://localhost:3002/_next/static/chunks/node_modules_next_dist_compiled_0rpq4pf._.js:1742:36)
    at useTranslationsImpl (http://localhost:3002/_next/static/chunks/node_modules_03zhy7f._.js:4672:196)
    at useTranslations (http://localhost:3002/_next/static/chunks/node_modules_03zhy7f._.js:4711:12)
    at http://localhost:3002/_next/static/chunks/node_modules_03zhy7f._.js:4871:20
    at useSteps (http://localhost:3002/_next/static/chunks/src_components_SpotlightCoachmarks_tsx_099htzu._.js?id=%255Bproject%255D%252Fsrc%252Fcomponents%252FSpotlightCoachmarks.tsx+%255Bapp-client%255D+%2528ecmascript%2529:169:224)
    at SpotlightCoachmarks (http://localhost:3002/_next/static/chunks/src_components_SpotlightCoachmarks_tsx_099htzu._.js?id=%255Bproject%255D%252Fsrc%252Fcomponents%252FSpotlightCoachmarks.tsx+%255Bapp-client%255D+%2528ecmascript%2529:200:19)
    at Object.react_stack_bottom_frame (http://localhost:3002/_next/static/chunks/node_modules_next_dist_compiled_react-dom_058-ah~._.js:15037:24)
    at renderWithHooks (http://localhost:3002/_next/static/chunks/node_modules_next_dist_compiled_react-dom_058-ah~._.js:4620:24)
    at updateFunctionComponent (http://localhost:3002/_next/static/chunks/node_modules_next_dist_compiled_react-dom_058-ah~._.js:6081:21)
    at beginWork (http://localhost:3002/_next/static/chunks/node_modules_next_dist_compiled_react-dom_058-ah~._.js:6691:24)
    at runWithFiberInDEV (http://localhost:3002/_next/static/chunks/node_modules_next_dist_compiled_react-dom_058-ah~._.js:965:74)
    at performUnitOfWork (http://localhost:3002/_next/static/chunks/node_modules_next_dist_compiled_react-dom_058-ah~._.js:9555:97)
    at workLoopSync (http://localhost:3002/_next/static/chunks/node_modules_next_dist_compiled_react-dom_058-ah~._.js:9449:40)
    at renderRootSync (http://localhost:3002/_next/static/chunks/node_modules_next_dist_compiled_react-dom_058-ah~._.js:9433:13)
    at performWorkOnRoot (http://localhost:3002/_next/static/chunks/node_modules_next_dist_compiled_react-dom_058-ah~._.js:9061:186)
    at performSyncWorkOnRoot (http://localhost:3002/_next/static/chunks/node_modules_next_dist_compiled_react-dom_058-ah~._.js:10263:9)
    at flushSyncWorkAcrossRoots_impl (http://localhost:3002/_next/static/chunks/node_modules_next_dist_compiled_react-dom_058-ah~._.js:10179:316)
    at flushSyncWork$1 (http://localhost:3002/_next/static/chunks/node_modules_next_dist_compiled_react-dom_058-ah~._.js:9230:86)
    at Object.scheduleRefresh (http://localhost:3002/_next/static/chunks/node_modules_next_dist_compiled_react-dom_058-ah~._.js:299:13)
    at http://localhost:3002/_next/static/chunks/node_modules_next_dist_compiled_0rpq4pf._.js:391:33
    at Set.forEach (<anonymous>)
    at Object.performReactRefresh (http://localhost:3002/_next/static/chunks/node_modules_next_dist_compiled_0rpq4pf._.js:384:38)
    at applyUpdate (http://localhost:3002/_next/static/chunks/node_modules_next_dist_compiled_0rpq4pf._.js:878:31)
    at http://localhost:3002/_next/static/chunks/node_modules_next_dist_compiled_0rpq4pf._.js:886:13 @ http://localhost:3002/_next/static/chunks/node_modules_next_dist_115brz8._.js:3272
[ 2054540ms] [ERROR] IntlError: MISSING_MESSAGE: Could not resolve `onboarding` in messages for locale `en`.
    at getMessagesOrError (http://localhost:3002/_next/static/chunks/node_modules_03zhy7f._.js:4153:27)
    at createBaseTranslator (http://localhost:3002/_next/static/chunks/node_modules_03zhy7f._.js:4158:29)
    at useTranslationsImpl.useMemo[translate] (http://localhost:3002/_next/static/chunks/node_modules_03zhy7f._.js:4673:253)
    at updateMemo (http://localhost:3002/_next/static/chunks/node_modules_next_dist_compiled_react-dom_058-ah~._.js:5413:21)
    at Object.useMemo (http://localhost:3002/_next/static/chunks/node_modules_next_dist_compiled_react-dom_058-ah~._.js:15465:24)
    at exports.useMemo (http://localhost:3002/_next/static/chunks/node_modules_next_dist_compiled_0rpq4pf._.js:1742:36)
    at useTranslationsImpl (http://localhost:3002/_next/static/chunks/node_modules_03zhy7f._.js:4672:196)
    at useTranslations (http://localhost:3002/_next/static/chunks/node_modules_03zhy7f._.js:4711:12)
    at http://localhost:3002/_next/static/chunks/node_modules_03zhy7f._.js:4871:20
    at useSteps (http://localhost:3002/_next/static/chunks/src_components_SpotlightCoachmarks_tsx_099htzu._.js?id=%255Bproject%255D%252Fsrc%252Fcomponents%252FSpotlightCoachmarks.tsx+%255Bapp-client%255D+%2528ecmascript%2529:169:224)
    at SpotlightCoachmarks (http://localhost:3002/_next/static/chunks/src_components_SpotlightCoachmarks_tsx_099htzu._.js?id=%255Bproject%255D%252Fsrc%252Fcomponents%252FSpotlightCoachmarks.tsx+%255Bapp-client%255D+%2528ecmascript%2529:200:19)
    at Object.react_stack_bottom_frame (http://localhost:3002/_next/static/chunks/node_modules_next_dist_compiled_react-dom_058-ah~._.js:15037:24)
    at renderWithHooks (http://localhost:3002/_next/static/chunks/node_modules_next_dist_compiled_react-dom_058-ah~._.js:4620:24)
    at updateFunctionComponent (http://localhost:3002/_next/static/chunks/node_modules_next_dist_compiled_react-dom_058-ah~._.js:6081:21)
    at beginWork (http://localhost:3002/_next/static/chunks/node_modules_next_dist_compiled_react-dom_058-ah~._.js:6691:24)
    at runWithFiberInDEV (http://localhost:3002/_next/static/chunks/node_modules_next_dist_compiled_react-dom_058-ah~._.js:965:74)
    at performUnitOfWork (http://localhost:3002/_next/static/chunks/node_modules_next_dist_compiled_react-dom_058-ah~._.js:9555:97)
    at workLoopSync (http://localhost:3002/_next/static/chunks/node_modules_next_dist_compiled_react-dom_058-ah~._.js:9449:40)
    at renderRootSync (http://localhost:3002/_next/static/chunks/node_modules_next_dist_compiled_react-dom_058-ah~._.js:9433:13)
    at performWorkOnRoot (http://localhost:3002/_next/static/chunks/node_modules_next_dist_compiled_react-dom_058-ah~._.js:9061:186)
    at performSyncWorkOnRoot (http://localhost:3002/_next/static/chunks/node_modules_next_dist_compiled_react-dom_058-ah~._.js:10263:9)
    at flushSyncWorkAcrossRoots_impl (http://localhost:3002/_next/static/chunks/node_modules_next_dist_compiled_react-dom_058-ah~._.js:10179:316)
    at flushSyncWork$1 (http://localhost:3002/_next/static/chunks/node_modules_next_dist_compiled_react-dom_058-ah~._.js:9230:86)
    at Object.scheduleRefresh (http://localhost:3002/_next/static/chunks/node_modules_next_dist_compiled_react-dom_058-ah~._.js:299:13)
    at http://localhost:3002/_next/static/chunks/node_modules_next_dist_compiled_0rpq4pf._.js:391:33
    at Set.forEach (<anonymous>)
    at Object.performReactRefresh (http://localhost:3002/_next/static/chunks/node_modules_next_dist_compiled_0rpq4pf._.js:384:38)
    at applyUpdate (http://localhost:3002/_next/static/chunks/node_modules_next_dist_compiled_0rpq4pf._.js:878:31)
    at http://localhost:3002/_next/static/chunks/node_modules_next_dist_compiled_0rpq4pf._.js:886:13 @ http://localhost:3002/_next/static/chunks/node_modules_next_dist_115brz8._.js:3272
[ 2054540ms] [ERROR] IntlError: MISSING_MESSAGE: Could not resolve `onboarding` in messages for locale `en`.
    at getMessagesOrError (http://localhost:3002/_next/static/chunks/node_modules_03zhy7f._.js:4153:27)
    at createBaseTranslator (http://localhost:3002/_next/static/chunks/node_modules_03zhy7f._.js:4158:29)
    at useTranslationsImpl.useMemo[translate] (http://localhost:3002/_next/static/chunks/node_modules_03zhy7f._.js:4673:253)
    at updateMemo (http://localhost:3002/_next/static/chunks/node_modules_next_dist_compiled_react-dom_058-ah~._.js:5413:21)
    at Object.useMemo (http://localhost:3002/_next/static/chunks/node_modules_next_dist_compiled_react-dom_058-ah~._.js:15465:24)
    at exports.useMemo (http://localhost:3002/_next/static/chunks/node_modules_next_dist_compiled_0rpq4pf._.js:1742:36)
    at useTranslationsImpl (http://localhost:3002/_next/static/chunks/node_modules_03zhy7f._.js:4672:196)
    at useTranslations (http://localhost:3002/_next/static/chunks/node_modules_03zhy7f._.js:4711:12)
    at http://localhost:3002/_next/static/chunks/node_modules_03zhy7f._.js:4871:20
    at useSteps (http://localhost:3002/_next/static/chunks/src_components_SpotlightCoachmarks_tsx_099htzu._.js?id=%255Bproject%255D%252Fsrc%252Fcomponents%252FSpotlightCoachmarks.tsx+%255Bapp-client%255D+%2528ecmascript%2529:169:224)
    at SpotlightCoachmarks (http://localhost:3002/_next/static/chunks/src_components_SpotlightCoachmarks_tsx_099htzu._.js?id=%255Bproject%255D%252Fsrc%252Fcomponents%252FSpotlightCoachmarks.tsx+%255Bapp-client%255D+%2528ecmascript%2529:200:19)
    at Object.react_stack_bottom_frame (http://localhost:3002/_next/static/chunks/node_modules_next_dist_compiled_react-dom_058-ah~._.js:15037:24)
    at renderWithHooks (http://localhost:3002/_next/static/chunks/node_modules_next_dist_compiled_react-dom_058-ah~._.js:4620:24)
    at updateFunctionComponent (http://localhost:3002/_next/static/chunks/node_modules_next_dist_compiled_react-dom_058-ah~._.js:6081:21)
    at beginWork (http://localhost:3002/_next/static/chunks/node_modules_next_dist_compiled_react-dom_058-ah~._.js:6691:24)
    at runWithFiberInDEV (http://localhost:3002/_next/static/chunks/node_modules_next_dist_compiled_react-dom_058-ah~._.js:965:74)
    at performUnitOfWork (http://localhost:3002/_next/static/chunks/node_modules_next_dist_compiled_react-dom_058-ah~._.js:9555:97)
    at workLoopSync (http://localhost:3002/_next/static/chunks/node_modules_next_dist_compiled_react-dom_058-ah~._.js:9449:40)
    at renderRootSync (http://localhost:3002/_next/static/chunks/node_modules_next_dist_compiled_react-dom_058-ah~._.js:9433:13)
    at performWorkOnRoot (http://localhost:3002/_next/static/chunks/node_modules_next_dist_compiled_react-dom_058-ah~._.js:9061:186)
    at performSyncWorkOnRoot (http://localhost:3002/_next/static/chunks/node_modules_next_dist_compiled_react-dom_058-ah~._.js:10263:9)
    at flushSyncWorkAcrossRoots_impl (http://localhost:3002/_next/static/chunks/node_modules_next_dist_compiled_react-dom_058-ah~._.js:10179:316)
    at flushSyncWork$1 (http://localhost:3002/_next/static/chunks/node_modules_next_dist_compiled_react-dom_058-ah~._.js:9230:86)
    at Object.scheduleRefresh (http://localhost:3002/_next/static/chunks/node_modules_next_dist_compiled_react-dom_058-ah~._.js:299:13)
    at http://localhost:3002/_next/static/chunks/node_modules_next_dist_compiled_0rpq4pf._.js:391:33
    at Set.forEach (<anonymous>)
    at Object.performReactRefresh (http://localhost:3002/_next/static/chunks/node_modules_next_dist_compiled_0rpq4pf._.js:384:38)
    at applyUpdate (http://localhost:3002/_next/static/chunks/node_modules_next_dist_compiled_0rpq4pf._.js:878:31)
    at http://localhost:3002/_next/static/chunks/node_modules_next_dist_compiled_0rpq4pf._.js:886:13 @ http://localhost:3002/_next/static/chunks/node_modules_next_dist_115brz8._.js:3272
[ 2054540ms] [ERROR] IntlError: MISSING_MESSAGE: Could not resolve `onboarding` in messages for locale `en`.
    at getMessagesOrError (http://localhost:3002/_next/static/chunks/node_modules_03zhy7f._.js:4153:27)
    at createBaseTranslator (http://localhost:3002/_next/static/chunks/node_modules_03zhy7f._.js:4158:29)
    at useTranslationsImpl.useMemo[translate] (http://localhost:3002/_next/static/chunks/node_modules_03zhy7f._.js:4673:253)
    at updateMemo (http://localhost:3002/_next/static/chunks/node_modules_next_dist_compiled_react-dom_058-ah~._.js:5413:21)
    at Object.useMemo (http://localhost:3002/_next/static/chunks/node_modules_next_dist_compiled_react-dom_058-ah~._.js:15465:24)
    at exports.useMemo (http://localhost:3002/_next/static/chunks/node_modules_next_dist_compiled_0rpq4pf._.js:1742:36)
    at useTranslationsImpl (http://localhost:3002/_next/static/chunks/node_modules_03zhy7f._.js:4672:196)
    at useTranslations (http://localhost:3002/_next/static/chunks/node_modules_03zhy7f._.js:4711:12)
    at http://localhost:3002/_next/static/chunks/node_modules_03zhy7f._.js:4871:20
    at useSteps (http://localhost:3002/_next/static/chunks/src_components_SpotlightCoachmarks_tsx_099htzu._.js?id=%255Bproject%255D%252Fsrc%252Fcomponents%252FSpotlightCoachmarks.tsx+%255Bapp-client%255D+%2528ecmascript%2529:169:224)
    at SpotlightCoachmarks (http://localhost:3002/_next/static/chunks/src_components_SpotlightCoachmarks_tsx_099htzu._.js?id=%255Bproject%255D%252Fsrc%252Fcomponents%252FSpotlightCoachmarks.tsx+%255Bapp-client%255D+%2528ecmascript%2529:200:19)
    at Object.react_stack_bottom_frame (http://localhost:3002/_next/static/chunks/node_modules_next_dist_compiled_react-dom_058-ah~._.js:15037:24)
    at renderWithHooks (http://localhost:3002/_next/static/chunks/node_modules_next_dist_compiled_react-dom_058-ah~._.js:4620:24)
    at updateFunctionComponent (http://localhost:3002/_next/static/chunks/node_modules_next_dist_compiled_react-dom_058-ah~._.js:6081:21)
    at beginWork (http://localhost:3002/_next/static/chunks/node_modules_next_dist_compiled_react-dom_058-ah~._.js:6691:24)
    at runWithFiberInDEV (http://localhost:3002/_next/static/chunks/node_modules_next_dist_compiled_react-dom_058-ah~._.js:965:74)
    at performUnitOfWork (http://localhost:3002/_next/static/chunks/node_modules_next_dist_compiled_react-dom_058-ah~._.js:9555:97)
    at workLoopSync (http://localhost:3002/_next/static/chunks/node_modules_next_dist_compiled_react-dom_058-ah~._.js:9449:40)
    at renderRootSync (http://localhost:3002/_next/static/chunks/node_modules_next_dist_compiled_react-dom_058-ah~._.js:9433:13)
    at performWorkOnRoot (http://localhost:3002/_next/static/chunks/node_modules_next_dist_compiled_react-dom_058-ah~._.js:9061:186)
    at performSyncWorkOnRoot (http://localhost:3002/_next/static/chunks/node_modules_next_dist_compiled_react-dom_058-ah~._.js:10263:9)
    at flushSyncWorkAcrossRoots_impl (http://localhost:3002/_next/static/chunks/node_modules_next_dist_compiled_react-dom_058-ah~._.js:10179:316)
    at flushSyncWork$1 (http://localhost:3002/_next/static/chunks/node_modules_next_dist_compiled_react-dom_058-ah~._.js:9230:86)
    at Object.scheduleRefresh (http://localhost:3002/_next/static/chunks/node_modules_next_dist_compiled_react-dom_058-ah~._.js:299:13)
    at http://localhost:3002/_next/static/chunks/node_modules_next_dist_compiled_0rpq4pf._.js:391:33
    at Set.forEach (<anonymous>)
    at Object.performReactRefresh (http://localhost:3002/_next/static/chunks/node_modules_next_dist_compiled_0rpq4pf._.js:384:38)
    at applyUpdate (http://localhost:3002/_next/static/chunks/node_modules_next_dist_compiled_0rpq4pf._.js:878:31)
    at http://localhost:3002/_next/static/chunks/node_modules_next_dist_compiled_0rpq4pf._.js:886:13 @ http://localhost:3002/_next/static/chunks/node_modules_next_dist_115brz8._.js:3272
[ 2054540ms] [ERROR] IntlError: MISSING_MESSAGE: Could not resolve `onboarding` in messages for locale `en`.
    at getMessagesOrError (http://localhost:3002/_next/static/chunks/node_modules_03zhy7f._.js:4153:27)
    at createBaseTranslator (http://localhost:3002/_next/static/chunks/node_modules_03zhy7f._.js:4158:29)
    at useTranslationsImpl.useMemo[translate] (http://localhost:3002/_next/static/chunks/node_modules_03zhy7f._.js:4673:253)
    at updateMemo (http://localhost:3002/_next/static/chunks/node_modules_next_dist_compiled_react-dom_058-ah~._.js:5413:21)
    at Object.useMemo (http://localhost:3002/_next/static/chunks/node_modules_next_dist_compiled_react-dom_058-ah~._.js:15465:24)
    at exports.useMemo (http://localhost:3002/_next/static/chunks/node_modules_next_dist_compiled_0rpq4pf._.js:1742:36)
    at useTranslationsImpl (http://localhost:3002/_next/static/chunks/node_modules_03zhy7f._.js:4672:196)
    at useTranslations (http://localhost:3002/_next/static/chunks/node_modules_03zhy7f._.js:4711:12)
    at http://localhost:3002/_next/static/chunks/node_modules_03zhy7f._.js:4871:20
    at useSteps (http://localhost:3002/_next/static/chunks/src_components_SpotlightCoachmarks_tsx_099htzu._.js?id=%255Bproject%255D%252Fsrc%252Fcomponents%252FSpotlightCoachmarks.tsx+%255Bapp-client%255D+%2528ecmascript%2529:169:224)
    at SpotlightCoachmarks (http://localhost:3002/_next/static/chunks/src_components_SpotlightCoachmarks_tsx_099htzu._.js?id=%255Bproject%255D%252Fsrc%252Fcomponents%252FSpotlightCoachmarks.tsx+%255Bapp-client%255D+%2528ecmascript%2529:200:19)
    at Object.react_stack_bottom_frame (http://localhost:3002/_next/static/chunks/node_modules_next_dist_compiled_react-dom_058-ah~._.js:15037:24)
    at renderWithHooks (http://localhost:3002/_next/static/chunks/node_modules_next_dist_compiled_react-dom_058-ah~._.js:4620:24)
    at updateFunctionComponent (http://localhost:3002/_next/static/chunks/node_modules_next_dist_compiled_react-dom_058-ah~._.js:6081:21)
    at beginWork (http://localhost:3002/_next/static/chunks/node_modules_next_dist_compiled_react-dom_058-ah~._.js:6691:24)
    at runWithFiberInDEV (http://localhost:3002/_next/static/chunks/node_modules_next_dist_compiled_react-dom_058-ah~._.js:965:74)
    at performUnitOfWork (http://localhost:3002/_next/static/chunks/node_modules_next_dist_compiled_react-dom_058-ah~._.js:9555:97)
    at workLoopSync (http://localhost:3002/_next/static/chunks/node_modules_next_dist_compiled_react-dom_058-ah~._.js:9449:40)
    at renderRootSync (http://localhost:3002/_next/static/chunks/node_modules_next_dist_compiled_react-dom_058-ah~._.js:9433:13)
    at performWorkOnRoot (http://localhost:3002/_next/static/chunks/node_modules_next_dist_compiled_react-dom_058-ah~._.js:9061:186)
    at performSyncWorkOnRoot (http://localhost:3002/_next/static/chunks/node_modules_next_dist_compiled_react-dom_058-ah~._.js:10263:9)
    at flushSyncWorkAcrossRoots_impl (http://localhost:3002/_next/static/chunks/node_modules_next_dist_compiled_react-dom_058-ah~._.js:10179:316)
    at flushSyncWork$1 (http://localhost:3002/_next/static/chunks/node_modules_next_dist_compiled_react-dom_058-ah~._.js:9230:86)
    at Object.scheduleRefresh (http://localhost:3002/_next/static/chunks/node_modules_next_dist_compiled_react-dom_058-ah~._.js:299:13)
    at http://localhost:3002/_next/static/chunks/node_modules_next_dist_compiled_0rpq4pf._.js:391:33
    at Set.forEach (<anonymous>)
    at Object.performReactRefresh (http://localhost:3002/_next/static/chunks/node_modules_next_dist_compiled_0rpq4pf._.js:384:38)
    at applyUpdate (http://localhost:3002/_next/static/chunks/node_modules_next_dist_compiled_0rpq4pf._.js:878:31)
    at http://localhost:3002/_next/static/chunks/node_modules_next_dist_compiled_0rpq4pf._.js:886:13 @ http://localhost:3002/_next/static/chunks/node_modules_next_dist_115brz8._.js:3272
[ 2054540ms] [ERROR] IntlError: MISSING_MESSAGE: Could not resolve `onboarding` in messages for locale `en`.
    at getMessagesOrError (http://localhost:3002/_next/static/chunks/node_modules_03zhy7f._.js:4153:27)
    at createBaseTranslator (http://localhost:3002/_next/static/chunks/node_modules_03zhy7f._.js:4158:29)
    at useTranslationsImpl.useMemo[translate] (http://localhost:3002/_next/static/chunks/node_modules_03zhy7f._.js:4673:253)
    at updateMemo (http://localhost:3002/_next/static/chunks/node_modules_next_dist_compiled_react-dom_058-ah~._.js:5413:21)
    at Object.useMemo (http://localhost:3002/_next/static/chunks/node_modules_next_dist_compiled_react-dom_058-ah~._.js:15465:24)
    at exports.useMemo (http://localhost:3002/_next/static/chunks/node_modules_next_dist_compiled_0rpq4pf._.js:1742:36)
    at useTranslationsImpl (http://localhost:3002/_next/static/chunks/node_modules_03zhy7f._.js:4672:196)
    at useTranslations (http://localhost:3002/_next/static/chunks/node_modules_03zhy7f._.js:4711:12)
    at http://localhost:3002/_next/static/chunks/node_modules_03zhy7f._.js:4871:20
    at useSteps (http://localhost:3002/_next/static/chunks/src_components_SpotlightCoachmarks_tsx_099htzu._.js?id=%255Bproject%255D%252Fsrc%252Fcomponents%252FSpotlightCoachmarks.tsx+%255Bapp-client%255D+%2528ecmascript%2529:169:224)
    at SpotlightCoachmarks (http://localhost:3002/_next/static/chunks/src_components_SpotlightCoachmarks_tsx_099htzu._.js?id=%255Bproject%255D%252Fsrc%252Fcomponents%252FSpotlightCoachmarks.tsx+%255Bapp-client%255D+%2528ecmascript%2529:200:19)
    at Object.react_stack_bottom_frame (http://localhost:3002/_next/static/chunks/node_modules_next_dist_compiled_react-dom_058-ah~._.js:15037:24)
    at renderWithHooks (http://localhost:3002/_next/static/chunks/node_modules_next_dist_compiled_react-dom_058-ah~._.js:4620:24)
    at updateFunctionComponent (http://localhost:3002/_next/static/chunks/node_modules_next_dist_compiled_react-dom_058-ah~._.js:6081:21)
    at beginWork (http://localhost:3002/_next/static/chunks/node_modules_next_dist_compiled_react-dom_058-ah~._.js:6691:24)
    at runWithFiberInDEV (http://localhost:3002/_next/static/chunks/node_modules_next_dist_compiled_react-dom_058-ah~._.js:965:74)
    at performUnitOfWork (http://localhost:3002/_next/static/chunks/node_modules_next_dist_compiled_react-dom_058-ah~._.js:9555:97)
    at workLoopSync (http://localhost:3002/_next/static/chunks/node_modules_next_dist_compiled_react-dom_058-ah~._.js:9449:40)
    at renderRootSync (http://localhost:3002/_next/static/chunks/node_modules_next_dist_compiled_react-dom_058-ah~._.js:9433:13)
    at performWorkOnRoot (http://localhost:3002/_next/static/chunks/node_modules_next_dist_compiled_react-dom_058-ah~._.js:9061:186)
    at performSyncWorkOnRoot (http://localhost:3002/_next/static/chunks/node_modules_next_dist_compiled_react-dom_058-ah~._.js:10263:9)
    at flushSyncWorkAcrossRoots_impl (http://localhost:3002/_next/static/chunks/node_modules_next_dist_compiled_react-dom_058-ah~._.js:10179:316)
    at flushSyncWork$1 (http://localhost:3002/_next/static/chunks/node_modules_next_dist_compiled_react-dom_058-ah~._.js:9230:86)
    at Object.scheduleRefresh (http://localhost:3002/_next/static/chunks/node_modules_next_dist_compiled_react-dom_058-ah~._.js:299:13)
    at http://localhost:3002/_next/static/chunks/node_modules_next_dist_compiled_0rpq4pf._.js:391:33
    at Set.forEach (<anonymous>)
    at Object.performReactRefresh (http://localhost:3002/_next/static/chunks/node_modules_next_dist_compiled_0rpq4pf._.js:384:38)
    at applyUpdate (http://localhost:3002/_next/static/chunks/node_modules_next_dist_compiled_0rpq4pf._.js:878:31)
    at http://localhost:3002/_next/static/chunks/node_modules_next_dist_compiled_0rpq4pf._.js:886:13 @ http://localhost:3002/_next/static/chunks/node_modules_next_dist_115brz8._.js:3272
[ 2054541ms] [ERROR] IntlError: MISSING_MESSAGE: Could not resolve `onboarding` in messages for locale `en`.
    at getMessagesOrError (http://localhost:3002/_next/static/chunks/node_modules_03zhy7f._.js:4153:27)
    at createBaseTranslator (http://localhost:3002/_next/static/chunks/node_modules_03zhy7f._.js:4158:29)
    at useTranslationsImpl.useMemo[translate] (http://localhost:3002/_next/static/chunks/node_modules_03zhy7f._.js:4673:253)
    at updateMemo (http://localhost:3002/_next/static/chunks/node_modules_next_dist_compiled_react-dom_058-ah~._.js:5413:21)
    at Object.useMemo (http://localhost:3002/_next/static/chunks/node_modules_next_dist_compiled_react-dom_058-ah~._.js:15465:24)
    at exports.useMemo (http://localhost:3002/_next/static/chunks/node_modules_next_dist_compiled_0rpq4pf._.js:1742:36)
    at useTranslationsImpl (http://localhost:3002/_next/static/chunks/node_modules_03zhy7f._.js:4672:196)
    at useTranslations (http://localhost:3002/_next/static/chunks/node_modules_03zhy7f._.js:4711:12)
    at http://localhost:3002/_next/static/chunks/node_modules_03zhy7f._.js:4871:20
    at useSteps (http://localhost:3002/_next/static/chunks/src_components_SpotlightCoachmarks_tsx_099htzu._.js?id=%255Bproject%255D%252Fsrc%252Fcomponents%252FSpotlightCoachmarks.tsx+%255Bapp-client%255D+%2528ecmascript%2529:169:224)
    at SpotlightCoachmarks (http://localhost:3002/_next/static/chunks/src_components_SpotlightCoachmarks_tsx_099htzu._.js?id=%255Bproject%255D%252Fsrc%252Fcomponents%252FSpotlightCoachmarks.tsx+%255Bapp-client%255D+%2528ecmascript%2529:200:19)
    at Object.react_stack_bottom_frame (http://localhost:3002/_next/static/chunks/node_modules_next_dist_compiled_react-dom_058-ah~._.js:15037:24)
    at renderWithHooks (http://localhost:3002/_next/static/chunks/node_modules_next_dist_compiled_react-dom_058-ah~._.js:4620:24)
    at updateFunctionComponent (http://localhost:3002/_next/static/chunks/node_modules_next_dist_compiled_react-dom_058-ah~._.js:6081:21)
    at beginWork (http://localhost:3002/_next/static/chunks/node_modules_next_dist_compiled_react-dom_058-ah~._.js:6691:24)
    at runWithFiberInDEV (http://localhost:3002/_next/static/chunks/node_modules_next_dist_compiled_react-dom_058-ah~._.js:965:74)
    at performUnitOfWork (http://localhost:3002/_next/static/chunks/node_modules_next_dist_compiled_react-dom_058-ah~._.js:9555:97)
    at workLoopSync (http://localhost:3002/_next/static/chunks/node_modules_next_dist_compiled_react-dom_058-ah~._.js:9449:40)
    at renderRootSync (http://localhost:3002/_next/static/chunks/node_modules_next_dist_compiled_react-dom_058-ah~._.js:9433:13)
    at performWorkOnRoot (http://localhost:3002/_next/static/chunks/node_modules_next_dist_compiled_react-dom_058-ah~._.js:9061:186)
    at performSyncWorkOnRoot (http://localhost:3002/_next/static/chunks/node_modules_next_dist_compiled_react-dom_058-ah~._.js:10263:9)
    at flushSyncWorkAcrossRoots_impl (http://localhost:3002/_next/static/chunks/node_modules_next_dist_compiled_react-dom_058-ah~._.js:10179:316)
    at flushSyncWork$1 (http://localhost:3002/_next/static/chunks/node_modules_next_dist_compiled_react-dom_058-ah~._.js:9230:86)
    at Object.scheduleRefresh (http://localhost:3002/_next/static/chunks/node_modules_next_dist_compiled_react-dom_058-ah~._.js:299:13)
    at http://localhost:3002/_next/static/chunks/node_modules_next_dist_compiled_0rpq4pf._.js:391:33
    at Set.forEach (<anonymous>)
    at Object.performReactRefresh (http://localhost:3002/_next/static/chunks/node_modules_next_dist_compiled_0rpq4pf._.js:384:38)
    at applyUpdate (http://localhost:3002/_next/static/chunks/node_modules_next_dist_compiled_0rpq4pf._.js:878:31)
    at http://localhost:3002/_next/static/chunks/node_modules_next_dist_compiled_0rpq4pf._.js:886:13 @ http://localhost:3002/_next/static/chunks/node_modules_next_dist_115brz8._.js:3272
[ 2054541ms] [ERROR] IntlError: MISSING_MESSAGE: Could not resolve `onboarding` in messages for locale `en`.
    at getMessagesOrError (http://localhost:3002/_next/static/chunks/node_modules_03zhy7f._.js:4153:27)
    at createBaseTranslator (http://localhost:3002/_next/static/chunks/node_modules_03zhy7f._.js:4158:29)
    at useTranslationsImpl.useMemo[translate] (http://localhost:3002/_next/static/chunks/node_modules_03zhy7f._.js:4673:253)
    at updateMemo (http://localhost:3002/_next/static/chunks/node_modules_next_dist_compiled_react-dom_058-ah~._.js:5413:21)
    at Object.useMemo (http://localhost:3002/_next/static/chunks/node_modules_next_dist_compiled_react-dom_058-ah~._.js:15465:24)
    at exports.useMemo (http://localhost:3002/_next/static/chunks/node_modules_next_dist_compiled_0rpq4pf._.js:1742:36)
    at useTranslationsImpl (http://localhost:3002/_next/static/chunks/node_modules_03zhy7f._.js:4672:196)
    at useTranslations (http://localhost:3002/_next/static/chunks/node_modules_03zhy7f._.js:4711:12)
    at http://localhost:3002/_next/static/chunks/node_modules_03zhy7f._.js:4871:20
    at useSteps (http://localhost:3002/_next/static/chunks/src_components_SpotlightCoachmarks_tsx_099htzu._.js?id=%255Bproject%255D%252Fsrc%252Fcomponents%252FSpotlightCoachmarks.tsx+%255Bapp-client%255D+%2528ecmascript%2529:169:224)
    at SpotlightCoachmarks (http://localhost:3002/_next/static/chunks/src_components_SpotlightCoachmarks_tsx_099htzu._.js?id=%255Bproject%255D%252Fsrc%252Fcomponents%252FSpotlightCoachmarks.tsx+%255Bapp-client%255D+%2528ecmascript%2529:200:19)
    at Object.react_stack_bottom_frame (http://localhost:3002/_next/static/chunks/node_modules_next_dist_compiled_react-dom_058-ah~._.js:15037:24)
    at renderWithHooks (http://localhost:3002/_next/static/chunks/node_modules_next_dist_compiled_react-dom_058-ah~._.js:4620:24)
    at updateFunctionComponent (http://localhost:3002/_next/static/chunks/node_modules_next_dist_compiled_react-dom_058-ah~._.js:6081:21)
    at beginWork (http://localhost:3002/_next/static/chunks/node_modules_next_dist_compiled_react-dom_058-ah~._.js:6691:24)
    at runWithFiberInDEV (http://localhost:3002/_next/static/chunks/node_modules_next_dist_compiled_react-dom_058-ah~._.js:965:74)
    at performUnitOfWork (http://localhost:3002/_next/static/chunks/node_modules_next_dist_compiled_react-dom_058-ah~._.js:9555:97)
    at workLoopSync (http://localhost:3002/_next/static/chunks/node_modules_next_dist_compiled_react-dom_058-ah~._.js:9449:40)
    at renderRootSync (http://localhost:3002/_next/static/chunks/node_modules_next_dist_compiled_react-dom_058-ah~._.js:9433:13)
    at performWorkOnRoot (http://localhost:3002/_next/static/chunks/node_modules_next_dist_compiled_react-dom_058-ah~._.js:9061:186)
    at performSyncWorkOnRoot (http://localhost:3002/_next/static/chunks/node_modules_next_dist_compiled_react-dom_058-ah~._.js:10263:9)
    at flushSyncWorkAcrossRoots_impl (http://localhost:3002/_next/static/chunks/node_modules_next_dist_compiled_react-dom_058-ah~._.js:10179:316)
    at flushSyncWork$1 (http://localhost:3002/_next/static/chunks/node_modules_next_dist_compiled_react-dom_058-ah~._.js:9230:86)
    at Object.scheduleRefresh (http://localhost:3002/_next/static/chunks/node_modules_next_dist_compiled_react-dom_058-ah~._.js:299:13)
    at http://localhost:3002/_next/static/chunks/node_modules_next_dist_compiled_0rpq4pf._.js:391:33
    at Set.forEach (<anonymous>)
    at Object.performReactRefresh (http://localhost:3002/_next/static/chunks/node_modules_next_dist_compiled_0rpq4pf._.js:384:38)
    at applyUpdate (http://localhost:3002/_next/static/chunks/node_modules_next_dist_compiled_0rpq4pf._.js:878:31)
    at http://localhost:3002/_next/static/chunks/node_modules_next_dist_compiled_0rpq4pf._.js:886:13 @ http://localhost:3002/_next/static/chunks/node_modules_next_dist_115brz8._.js:3272
[ 2054541ms] [ERROR] IntlError: MISSING_MESSAGE: Could not resolve `onboarding` in messages for locale `en`.
    at getMessagesOrError (http://localhost:3002/_next/static/chunks/node_modules_03zhy7f._.js:4153:27)
    at createBaseTranslator (http://localhost:3002/_next/static/chunks/node_modules_03zhy7f._.js:4158:29)
    at useTranslationsImpl.useMemo[translate] (http://localhost:3002/_next/static/chunks/node_modules_03zhy7f._.js:4673:253)
    at updateMemo (http://localhost:3002/_next/static/chunks/node_modules_next_dist_compiled_react-dom_058-ah~._.js:5413:21)
    at Object.useMemo (http://localhost:3002/_next/static/chunks/node_modules_next_dist_compiled_react-dom_058-ah~._.js:15465:24)
    at exports.useMemo (http://localhost:3002/_next/static/chunks/node_modules_next_dist_compiled_0rpq4pf._.js:1742:36)
    at useTranslationsImpl (http://localhost:3002/_next/static/chunks/node_modules_03zhy7f._.js:4672:196)
    at useTranslations (http://localhost:3002/_next/static/chunks/node_modules_03zhy7f._.js:4711:12)
    at http://localhost:3002/_next/static/chunks/node_modules_03zhy7f._.js:4871:20
    at useSteps (http://localhost:3002/_next/static/chunks/src_components_SpotlightCoachmarks_tsx_099htzu._.js?id=%255Bproject%255D%252Fsrc%252Fcomponents%252FSpotlightCoachmarks.tsx+%255Bapp-client%255D+%2528ecmascript%2529:169:224)
    at SpotlightCoachmarks (http://localhost:3002/_next/static/chunks/src_components_SpotlightCoachmarks_tsx_099htzu._.js?id=%255Bproject%255D%252Fsrc%252Fcomponents%252FSpotlightCoachmarks.tsx+%255Bapp-client%255D+%2528ecmascript%2529:200:19)
    at Object.react_stack_bottom_frame (http://localhost:3002/_next/static/chunks/node_modules_next_dist_compiled_react-dom_058-ah~._.js:15037:24)
    at renderWithHooks (http://localhost:3002/_next/static/chunks/node_modules_next_dist_compiled_react-dom_058-ah~._.js:4620:24)
    at updateFunctionComponent (http://localhost:3002/_next/static/chunks/node_modules_next_dist_compiled_react-dom_058-ah~._.js:6081:21)
    at beginWork (http://localhost:3002/_next/static/chunks/node_modules_next_dist_compiled_react-dom_058-ah~._.js:6691:24)
    at runWithFiberInDEV (http://localhost:3002/_next/static/chunks/node_modules_next_dist_compiled_react-dom_058-ah~._.js:965:74)
    at performUnitOfWork (http://localhost:3002/_next/static/chunks/node_modules_next_dist_compiled_react-dom_058-ah~._.js:9555:97)
    at workLoopSync (http://localhost:3002/_next/static/chunks/node_modules_next_dist_compiled_react-dom_058-ah~._.js:9449:40)
    at renderRootSync (http://localhost:3002/_next/static/chunks/node_modules_next_dist_compiled_react-dom_058-ah~._.js:9433:13)
    at performWorkOnRoot (http://localhost:3002/_next/static/chunks/node_modules_next_dist_compiled_react-dom_058-ah~._.js:9061:186)
    at performSyncWorkOnRoot (http://localhost:3002/_next/static/chunks/node_modules_next_dist_compiled_react-dom_058-ah~._.js:10263:9)
    at flushSyncWorkAcrossRoots_impl (http://localhost:3002/_next/static/chunks/node_modules_next_dist_compiled_react-dom_058-ah~._.js:10179:316)
    at flushSyncWork$1 (http://localhost:3002/_next/static/chunks/node_modules_next_dist_compiled_react-dom_058-ah~._.js:9230:86)
    at Object.scheduleRefresh (http://localhost:3002/_next/static/chunks/node_modules_next_dist_compiled_react-dom_058-ah~._.js:299:13)
    at http://localhost:3002/_next/static/chunks/node_modules_next_dist_compiled_0rpq4pf._.js:391:33
    at Set.forEach (<anonymous>)
    at Object.performReactRefresh (http://localhost:3002/_next/static/chunks/node_modules_next_dist_compiled_0rpq4pf._.js:384:38)
    at applyUpdate (http://localhost:3002/_next/static/chunks/node_modules_next_dist_compiled_0rpq4pf._.js:878:31)
    at http://localhost:3002/_next/static/chunks/node_modules_next_dist_compiled_0rpq4pf._.js:886:13 @ http://localhost:3002/_next/static/chunks/node_modules_next_dist_115brz8._.js:3272
[ 2054541ms] [ERROR] IntlError: MISSING_MESSAGE: Could not resolve `onboarding` in messages for locale `en`.
    at getMessagesOrError (http://localhost:3002/_next/static/chunks/node_modules_03zhy7f._.js:4153:27)
    at createBaseTranslator (http://localhost:3002/_next/static/chunks/node_modules_03zhy7f._.js:4158:29)
    at useTranslationsImpl.useMemo[translate] (http://localhost:3002/_next/static/chunks/node_modules_03zhy7f._.js:4673:253)
    at updateMemo (http://localhost:3002/_next/static/chunks/node_modules_next_dist_compiled_react-dom_058-ah~._.js:5413:21)
    at Object.useMemo (http://localhost:3002/_next/static/chunks/node_modules_next_dist_compiled_react-dom_058-ah~._.js:15465:24)
    at exports.useMemo (http://localhost:3002/_next/static/chunks/node_modules_next_dist_compiled_0rpq4pf._.js:1742:36)
    at useTranslationsImpl (http://localhost:3002/_next/static/chunks/node_modules_03zhy7f._.js:4672:196)
    at useTranslations (http://localhost:3002/_next/static/chunks/node_modules_03zhy7f._.js:4711:12)
    at http://localhost:3002/_next/static/chunks/node_modules_03zhy7f._.js:4871:20
    at useSteps (http://localhost:3002/_next/static/chunks/src_components_SpotlightCoachmarks_tsx_099htzu._.js?id=%255Bproject%255D%252Fsrc%252Fcomponents%252FSpotlightCoachmarks.tsx+%255Bapp-client%255D+%2528ecmascript%2529:169:224)
    at SpotlightCoachmarks (http://localhost:3002/_next/static/chunks/src_components_SpotlightCoachmarks_tsx_099htzu._.js?id=%255Bproject%255D%252Fsrc%252Fcomponents%252FSpotlightCoachmarks.tsx+%255Bapp-client%255D+%2528ecmascript%2529:200:19)
    at Object.react_stack_bottom_frame (http://localhost:3002/_next/static/chunks/node_modules_next_dist_compiled_react-dom_058-ah~._.js:15037:24)
    at renderWithHooks (http://localhost:3002/_next/static/chunks/node_modules_next_dist_compiled_react-dom_058-ah~._.js:4620:24)
    at updateFunctionComponent (http://localhost:3002/_next/static/chunks/node_modules_next_dist_compiled_react-dom_058-ah~._.js:6081:21)
    at beginWork (http://localhost:3002/_next/static/chunks/node_modules_next_dist_compiled_react-dom_058-ah~._.js:6691:24)
    at runWithFiberInDEV (http://localhost:3002/_next/static/chunks/node_modules_next_dist_compiled_react-dom_058-ah~._.js:965:74)
    at performUnitOfWork (http://localhost:3002/_next/static/chunks/node_modules_next_dist_compiled_react-dom_058-ah~._.js:9555:97)
    at workLoopSync (http://localhost:3002/_next/static/chunks/node_modules_next_dist_compiled_react-dom_058-ah~._.js:9449:40)
    at renderRootSync (http://localhost:3002/_next/static/chunks/node_modules_next_dist_compiled_react-dom_058-ah~._.js:9433:13)
    at performWorkOnRoot (http://localhost:3002/_next/static/chunks/node_modules_next_dist_compiled_react-dom_058-ah~._.js:9061:186)
    at performSyncWorkOnRoot (http://localhost:3002/_next/static/chunks/node_modules_next_dist_compiled_react-dom_058-ah~._.js:10263:9)
    at flushSyncWorkAcrossRoots_impl (http://localhost:3002/_next/static/chunks/node_modules_next_dist_compiled_react-dom_058-ah~._.js:10179:316)
    at flushSyncWork$1 (http://localhost:3002/_next/static/chunks/node_modules_next_dist_compiled_react-dom_058-ah~._.js:9230:86)
    at Object.scheduleRefresh (http://localhost:3002/_next/static/chunks/node_modules_next_dist_compiled_react-dom_058-ah~._.js:299:13)
    at http://localhost:3002/_next/static/chunks/node_modules_next_dist_compiled_0rpq4pf._.js:391:33
    at Set.forEach (<anonymous>)
    at Object.performReactRefresh (http://localhost:3002/_next/static/chunks/node_modules_next_dist_compiled_0rpq4pf._.js:384:38)
    at applyUpdate (http://localhost:3002/_next/static/chunks/node_modules_next_dist_compiled_0rpq4pf._.js:878:31)
    at http://localhost:3002/_next/static/chunks/node_modules_next_dist_compiled_0rpq4pf._.js:886:13 @ http://localhost:3002/_next/static/chunks/node_modules_next_dist_115brz8._.js:3272
[ 2054541ms] [ERROR] IntlError: MISSING_MESSAGE: Could not resolve `onboarding` in messages for locale `en`.
    at getMessagesOrError (http://localhost:3002/_next/static/chunks/node_modules_03zhy7f._.js:4153:27)
    at createBaseTranslator (http://localhost:3002/_next/static/chunks/node_modules_03zhy7f._.js:4158:29)
    at useTranslationsImpl.useMemo[translate] (http://localhost:3002/_next/static/chunks/node_modules_03zhy7f._.js:4673:253)
    at updateMemo (http://localhost:3002/_next/static/chunks/node_modules_next_dist_compiled_react-dom_058-ah~._.js:5413:21)
    at Object.useMemo (http://localhost:3002/_next/static/chunks/node_modules_next_dist_compiled_react-dom_058-ah~._.js:15465:24)
    at exports.useMemo (http://localhost:3002/_next/static/chunks/node_modules_next_dist_compiled_0rpq4pf._.js:1742:36)
    at useTranslationsImpl (http://localhost:3002/_next/static/chunks/node_modules_03zhy7f._.js:4672:196)
    at useTranslations (http://localhost:3002/_next/static/chunks/node_modules_03zhy7f._.js:4711:12)
    at http://localhost:3002/_next/static/chunks/node_modules_03zhy7f._.js:4871:20
    at useSteps (http://localhost:3002/_next/static/chunks/src_components_SpotlightCoachmarks_tsx_099htzu._.js?id=%255Bproject%255D%252Fsrc%252Fcomponents%252FSpotlightCoachmarks.tsx+%255Bapp-client%255D+%2528ecmascript%2529:169:224)
    at SpotlightCoachmarks (http://localhost:3002/_next/static/chunks/src_components_SpotlightCoachmarks_tsx_099htzu._.js?id=%255Bproject%255D%252Fsrc%252Fcomponents%252FSpotlightCoachmarks.tsx+%255Bapp-client%255D+%2528ecmascript%2529:200:19)
    at Object.react_stack_bottom_frame (http://localhost:3002/_next/static/chunks/node_modules_next_dist_compiled_react-dom_058-ah~._.js:15037:24)
    at renderWithHooks (http://localhost:3002/_next/static/chunks/node_modules_next_dist_compiled_react-dom_058-ah~._.js:4620:24)
    at updateFunctionComponent (http://localhost:3002/_next/static/chunks/node_modules_next_dist_compiled_react-dom_058-ah~._.js:6081:21)
    at beginWork (http://localhost:3002/_next/static/chunks/node_modules_next_dist_compiled_react-dom_058-ah~._.js:6691:24)
    at runWithFiberInDEV (http://localhost:3002/_next/static/chunks/node_modules_next_dist_compiled_react-dom_058-ah~._.js:965:74)
    at performUnitOfWork (http://localhost:3002/_next/static/chunks/node_modules_next_dist_compiled_react-dom_058-ah~._.js:9555:97)
    at workLoopSync (http://localhost:3002/_next/static/chunks/node_modules_next_dist_compiled_react-dom_058-ah~._.js:9449:40)
    at renderRootSync (http://localhost:3002/_next/static/chunks/node_modules_next_dist_compiled_react-dom_058-ah~._.js:9433:13)
    at performWorkOnRoot (http://localhost:3002/_next/static/chunks/node_modules_next_dist_compiled_react-dom_058-ah~._.js:9061:186)
    at performSyncWorkOnRoot (http://localhost:3002/_next/static/chunks/node_modules_next_dist_compiled_react-dom_058-ah~._.js:10263:9)
    at flushSyncWorkAcrossRoots_impl (http://localhost:3002/_next/static/chunks/node_modules_next_dist_compiled_react-dom_058-ah~._.js:10179:316)
    at flushSyncWork$1 (http://localhost:3002/_next/static/chunks/node_modules_next_dist_compiled_react-dom_058-ah~._.js:9230:86)
    at Object.scheduleRefresh (http://localhost:3002/_next/static/chunks/node_modules_next_dist_compiled_react-dom_058-ah~._.js:299:13)
    at http://localhost:3002/_next/static/chunks/node_modules_next_dist_compiled_0rpq4pf._.js:391:33
    at Set.forEach (<anonymous>)
    at Object.performReactRefresh (http://localhost:3002/_next/static/chunks/node_modules_next_dist_compiled_0rpq4pf._.js:384:38)
    at applyUpdate (http://localhost:3002/_next/static/chunks/node_modules_next_dist_compiled_0rpq4pf._.js:878:31)
    at http://localhost:3002/_next/static/chunks/node_modules_next_dist_compiled_0rpq4pf._.js:886:13 @ http://localhost:3002/_next/static/chunks/node_modules_next_dist_115brz8._.js:3272
[ 2054572ms] [LOG] [Fast Refresh] done in 65ms @ http://localhost:3002/_next/static/chunks/node_modules_next_dist_115brz8._.js:2431
[ 2059361ms] [LOG] [Fast Refresh] rebuilding @ http://localhost:3002/_next/static/chunks/node_modules_next_dist_115brz8._.js:2431
[ 2059371ms] [ERROR] IntlError: MISSING_MESSAGE: Could not resolve `onboarding` in messages for locale `en`.
    at getMessagesOrError (http://localhost:3002/_next/static/chunks/node_modules_03zhy7f._.js:4153:27)
    at createBaseTranslator (http://localhost:3002/_next/static/chunks/node_modules_03zhy7f._.js:4158:29)
    at useTranslationsImpl.useMemo[translate] (http://localhost:3002/_next/static/chunks/node_modules_03zhy7f._.js:4673:253)
    at updateMemo (http://localhost:3002/_next/static/chunks/node_modules_next_dist_compiled_react-dom_058-ah~._.js:5413:21)
    at Object.useMemo (http://localhost:3002/_next/static/chunks/node_modules_next_dist_compiled_react-dom_058-ah~._.js:15465:24)
    at exports.useMemo (http://localhost:3002/_next/static/chunks/node_modules_next_dist_compiled_0rpq4pf._.js:1742:36)
    at useTranslationsImpl (http://localhost:3002/_next/static/chunks/node_modules_03zhy7f._.js:4672:196)
    at useTranslations (http://localhost:3002/_next/static/chunks/node_modules_03zhy7f._.js:4711:12)
    at http://localhost:3002/_next/static/chunks/node_modules_03zhy7f._.js:4871:20
    at useSteps (http://localhost:3002/_next/static/chunks/src_components_SpotlightCoachmarks_tsx_099htzu._.js?id=%255Bproject%255D%252Fsrc%252Fcomponents%252FSpotlightCoachmarks.tsx+%255Bapp-client%255D+%2528ecmascript%2529:169:224)
    at SpotlightCoachmarks (http://localhost:3002/_next/static/chunks/src_components_SpotlightCoachmarks_tsx_099htzu._.js?id=%255Bproject%255D%252Fsrc%252Fcomponents%252FSpotlightCoachmarks.tsx+%255Bapp-client%255D+%2528ecmascript%2529:200:19)
    at Object.react_stack_bottom_frame (http://localhost:3002/_next/static/chunks/node_modules_next_dist_compiled_react-dom_058-ah~._.js:15037:24)
    at renderWithHooks (http://localhost:3002/_next/static/chunks/node_modules_next_dist_compiled_react-dom_058-ah~._.js:4620:24)
    at updateFunctionComponent (http://localhost:3002/_next/static/chunks/node_modules_next_dist_compiled_react-dom_058-ah~._.js:6081:21)
    at beginWork (http://localhost:3002/_next/static/chunks/node_modules_next_dist_compiled_react-dom_058-ah~._.js:6691:24)
    at runWithFiberInDEV (http://localhost:3002/_next/static/chunks/node_modules_next_dist_compiled_react-dom_058-ah~._.js:965:74)
    at performUnitOfWork (http://localhost:3002/_next/static/chunks/node_modules_next_dist_compiled_react-dom_058-ah~._.js:9555:97)
    at workLoopSync (http://localhost:3002/_next/static/chunks/node_modules_next_dist_compiled_react-dom_058-ah~._.js:9449:40)
    at renderRootSync (http://localhost:3002/_next/static/chunks/node_modules_next_dist_compiled_react-dom_058-ah~._.js:9433:13)
    at performWorkOnRoot (http://localhost:3002/_next/static/chunks/node_modules_next_dist_compiled_react-dom_058-ah~._.js:9061:186)
    at performSyncWorkOnRoot (http://localhost:3002/_next/static/chunks/node_modules_next_dist_compiled_react-dom_058-ah~._.js:10263:9)
    at flushSyncWorkAcrossRoots_impl (http://localhost:3002/_next/static/chunks/node_modules_next_dist_compiled_react-dom_058-ah~._.js:10179:316)
    at flushSyncWork$1 (http://localhost:3002/_next/static/chunks/node_modules_next_dist_compiled_react-dom_058-ah~._.js:9230:86)
    at Object.scheduleRefresh (http://localhost:3002/_next/static/chunks/node_modules_next_dist_compiled_react-dom_058-ah~._.js:299:13)
    at http://localhost:3002/_next/static/chunks/node_modules_next_dist_compiled_0rpq4pf._.js:391:33
    at Set.forEach (<anonymous>)
    at Object.performReactRefresh (http://localhost:3002/_next/static/chunks/node_modules_next_dist_compiled_0rpq4pf._.js:384:38)
    at applyUpdate (http://localhost:3002/_next/static/chunks/node_modules_next_dist_compiled_0rpq4pf._.js:878:31)
    at http://localhost:3002/_next/static/chunks/node_modules_next_dist_compiled_0rpq4pf._.js:886:13 @ http://localhost:3002/_next/static/chunks/node_modules_next_dist_115brz8._.js:3272
[ 2059372ms] [ERROR] IntlError: MISSING_MESSAGE: Could not resolve `onboarding` in messages for locale `en`.
    at getMessagesOrError (http://localhost:3002/_next/static/chunks/node_modules_03zhy7f._.js:4153:27)
    at createBaseTranslator (http://localhost:3002/_next/static/chunks/node_modules_03zhy7f._.js:4158:29)
    at useTranslationsImpl.useMemo[translate] (http://localhost:3002/_next/static/chunks/node_modules_03zhy7f._.js:4673:253)
    at updateMemo (http://localhost:3002/_next/static/chunks/node_modules_next_dist_compiled_react-dom_058-ah~._.js:5413:21)
    at Object.useMemo (http://localhost:3002/_next/static/chunks/node_modules_next_dist_compiled_react-dom_058-ah~._.js:15465:24)
    at exports.useMemo (http://localhost:3002/_next/static/chunks/node_modules_next_dist_compiled_0rpq4pf._.js:1742:36)
    at useTranslationsImpl (http://localhost:3002/_next/static/chunks/node_modules_03zhy7f._.js:4672:196)
    at useTranslations (http://localhost:3002/_next/static/chunks/node_modules_03zhy7f._.js:4711:12)
    at http://localhost:3002/_next/static/chunks/node_modules_03zhy7f._.js:4871:20
    at useSteps (http://localhost:3002/_next/static/chunks/src_components_SpotlightCoachmarks_tsx_099htzu._.js?id=%255Bproject%255D%252Fsrc%252Fcomponents%252FSpotlightCoachmarks.tsx+%255Bapp-client%255D+%2528ecmascript%2529:169:224)
    at SpotlightCoachmarks (http://localhost:3002/_next/static/chunks/src_components_SpotlightCoachmarks_tsx_099htzu._.js?id=%255Bproject%255D%252Fsrc%252Fcomponents%252FSpotlightCoachmarks.tsx+%255Bapp-client%255D+%2528ecmascript%2529:200:19)
    at Object.react_stack_bottom_frame (http://localhost:3002/_next/static/chunks/node_modules_next_dist_compiled_react-dom_058-ah~._.js:15037:24)
    at renderWithHooks (http://localhost:3002/_next/static/chunks/node_modules_next_dist_compiled_react-dom_058-ah~._.js:4620:24)
    at updateFunctionComponent (http://localhost:3002/_next/static/chunks/node_modules_next_dist_compiled_react-dom_058-ah~._.js:6081:21)
    at beginWork (http://localhost:3002/_next/static/chunks/node_modules_next_dist_compiled_react-dom_058-ah~._.js:6691:24)
    at runWithFiberInDEV (http://localhost:3002/_next/static/chunks/node_modules_next_dist_compiled_react-dom_058-ah~._.js:965:74)
    at performUnitOfWork (http://localhost:3002/_next/static/chunks/node_modules_next_dist_compiled_react-dom_058-ah~._.js:9555:97)
    at workLoopSync (http://localhost:3002/_next/static/chunks/node_modules_next_dist_compiled_react-dom_058-ah~._.js:9449:40)
    at renderRootSync (http://localhost:3002/_next/static/chunks/node_modules_next_dist_compiled_react-dom_058-ah~._.js:9433:13)
    at performWorkOnRoot (http://localhost:3002/_next/static/chunks/node_modules_next_dist_compiled_react-dom_058-ah~._.js:9061:186)
    at performSyncWorkOnRoot (http://localhost:3002/_next/static/chunks/node_modules_next_dist_compiled_react-dom_058-ah~._.js:10263:9)
    at flushSyncWorkAcrossRoots_impl (http://localhost:3002/_next/static/chunks/node_modules_next_dist_compiled_react-dom_058-ah~._.js:10179:316)
    at flushSyncWork$1 (http://localhost:3002/_next/static/chunks/node_modules_next_dist_compiled_react-dom_058-ah~._.js:9230:86)
    at Object.scheduleRefresh (http://localhost:3002/_next/static/chunks/node_modules_next_dist_compiled_react-dom_058-ah~._.js:299:13)
    at http://localhost:3002/_next/static/chunks/node_modules_next_dist_compiled_0rpq4pf._.js:391:33
    at Set.forEach (<anonymous>)
    at Object.performReactRefresh (http://localhost:3002/_next/static/chunks/node_modules_next_dist_compiled_0rpq4pf._.js:384:38)
    at applyUpdate (http://localhost:3002/_next/static/chunks/node_modules_next_dist_compiled_0rpq4pf._.js:878:31)
    at http://localhost:3002/_next/static/chunks/node_modules_next_dist_compiled_0rpq4pf._.js:886:13 @ http://localhost:3002/_next/static/chunks/node_modules_next_dist_115brz8._.js:3272
[ 2059372ms] [ERROR] IntlError: MISSING_MESSAGE: Could not resolve `onboarding` in messages for locale `en`.
    at getMessagesOrError (http://localhost:3002/_next/static/chunks/node_modules_03zhy7f._.js:4153:27)
    at createBaseTranslator (http://localhost:3002/_next/static/chunks/node_modules_03zhy7f._.js:4158:29)
    at useTranslationsImpl.useMemo[translate] (http://localhost:3002/_next/static/chunks/node_modules_03zhy7f._.js:4673:253)
    at updateMemo (http://localhost:3002/_next/static/chunks/node_modules_next_dist_compiled_react-dom_058-ah~._.js:5413:21)
    at Object.useMemo (http://localhost:3002/_next/static/chunks/node_modules_next_dist_compiled_react-dom_058-ah~._.js:15465:24)
    at exports.useMemo (http://localhost:3002/_next/static/chunks/node_modules_next_dist_compiled_0rpq4pf._.js:1742:36)
    at useTranslationsImpl (http://localhost:3002/_next/static/chunks/node_modules_03zhy7f._.js:4672:196)
    at useTranslations (http://localhost:3002/_next/static/chunks/node_modules_03zhy7f._.js:4711:12)
    at http://localhost:3002/_next/static/chunks/node_modules_03zhy7f._.js:4871:20
    at useSteps (http://localhost:3002/_next/static/chunks/src_components_SpotlightCoachmarks_tsx_099htzu._.js?id=%255Bproject%255D%252Fsrc%252Fcomponents%252FSpotlightCoachmarks.tsx+%255Bapp-client%255D+%2528ecmascript%2529:169:224)
    at SpotlightCoachmarks (http://localhost:3002/_next/static/chunks/src_components_SpotlightCoachmarks_tsx_099htzu._.js?id=%255Bproject%255D%252Fsrc%252Fcomponents%252FSpotlightCoachmarks.tsx+%255Bapp-client%255D+%2528ecmascript%2529:200:19)
    at Object.react_stack_bottom_frame (http://localhost:3002/_next/static/chunks/node_modules_next_dist_compiled_react-dom_058-ah~._.js:15037:24)
    at renderWithHooks (http://localhost:3002/_next/static/chunks/node_modules_next_dist_compiled_react-dom_058-ah~._.js:4620:24)
    at updateFunctionComponent (http://localhost:3002/_next/static/chunks/node_modules_next_dist_compiled_react-dom_058-ah~._.js:6081:21)
    at beginWork (http://localhost:3002/_next/static/chunks/node_modules_next_dist_compiled_react-dom_058-ah~._.js:6691:24)
    at runWithFiberInDEV (http://localhost:3002/_next/static/chunks/node_modules_next_dist_compiled_react-dom_058-ah~._.js:965:74)
    at performUnitOfWork (http://localhost:3002/_next/static/chunks/node_modules_next_dist_compiled_react-dom_058-ah~._.js:9555:97)
    at workLoopSync (http://localhost:3002/_next/static/chunks/node_modules_next_dist_compiled_react-dom_058-ah~._.js:9449:40)
    at renderRootSync (http://localhost:3002/_next/static/chunks/node_modules_next_dist_compiled_react-dom_058-ah~._.js:9433:13)
    at performWorkOnRoot (http://localhost:3002/_next/static/chunks/node_modules_next_dist_compiled_react-dom_058-ah~._.js:9061:186)
    at performSyncWorkOnRoot (http://localhost:3002/_next/static/chunks/node_modules_next_dist_compiled_react-dom_058-ah~._.js:10263:9)
    at flushSyncWorkAcrossRoots_impl (http://localhost:3002/_next/static/chunks/node_modules_next_dist_compiled_react-dom_058-ah~._.js:10179:316)
    at flushSyncWork$1 (http://localhost:3002/_next/static/chunks/node_modules_next_dist_compiled_react-dom_058-ah~._.js:9230:86)
    at Object.scheduleRefresh (http://localhost:3002/_next/static/chunks/node_modules_next_dist_compiled_react-dom_058-ah~._.js:299:13)
    at http://localhost:3002/_next/static/chunks/node_modules_next_dist_compiled_0rpq4pf._.js:391:33
    at Set.forEach (<anonymous>)
    at Object.performReactRefresh (http://localhost:3002/_next/static/chunks/node_modules_next_dist_compiled_0rpq4pf._.js:384:38)
    at applyUpdate (http://localhost:3002/_next/static/chunks/node_modules_next_dist_compiled_0rpq4pf._.js:878:31)
    at http://localhost:3002/_next/static/chunks/node_modules_next_dist_compiled_0rpq4pf._.js:886:13 @ http://localhost:3002/_next/static/chunks/node_modules_next_dist_115brz8._.js:3272
[ 2059372ms] [ERROR] IntlError: MISSING_MESSAGE: Could not resolve `onboarding` in messages for locale `en`.
    at getMessagesOrError (http://localhost:3002/_next/static/chunks/node_modules_03zhy7f._.js:4153:27)
    at createBaseTranslator (http://localhost:3002/_next/static/chunks/node_modules_03zhy7f._.js:4158:29)
    at useTranslationsImpl.useMemo[translate] (http://localhost:3002/_next/static/chunks/node_modules_03zhy7f._.js:4673:253)
    at updateMemo (http://localhost:3002/_next/static/chunks/node_modules_next_dist_compiled_react-dom_058-ah~._.js:5413:21)
    at Object.useMemo (http://localhost:3002/_next/static/chunks/node_modules_next_dist_compiled_react-dom_058-ah~._.js:15465:24)
    at exports.useMemo (http://localhost:3002/_next/static/chunks/node_modules_next_dist_compiled_0rpq4pf._.js:1742:36)
    at useTranslationsImpl (http://localhost:3002/_next/static/chunks/node_modules_03zhy7f._.js:4672:196)
    at useTranslations (http://localhost:3002/_next/static/chunks/node_modules_03zhy7f._.js:4711:12)
    at http://localhost:3002/_next/static/chunks/node_modules_03zhy7f._.js:4871:20
    at useSteps (http://localhost:3002/_next/static/chunks/src_components_SpotlightCoachmarks_tsx_099htzu._.js?id=%255Bproject%255D%252Fsrc%252Fcomponents%252FSpotlightCoachmarks.tsx+%255Bapp-client%255D+%2528ecmascript%2529:169:224)
    at SpotlightCoachmarks (http://localhost:3002/_next/static/chunks/src_components_SpotlightCoachmarks_tsx_099htzu._.js?id=%255Bproject%255D%252Fsrc%252Fcomponents%252FSpotlightCoachmarks.tsx+%255Bapp-client%255D+%2528ecmascript%2529:200:19)
    at Object.react_stack_bottom_frame (http://localhost:3002/_next/static/chunks/node_modules_next_dist_compiled_react-dom_058-ah~._.js:15037:24)
    at renderWithHooks (http://localhost:3002/_next/static/chunks/node_modules_next_dist_compiled_react-dom_058-ah~._.js:4620:24)
    at updateFunctionComponent (http://localhost:3002/_next/static/chunks/node_modules_next_dist_compiled_react-dom_058-ah~._.js:6081:21)
    at beginWork (http://localhost:3002/_next/static/chunks/node_modules_next_dist_compiled_react-dom_058-ah~._.js:6691:24)
    at runWithFiberInDEV (http://localhost:3002/_next/static/chunks/node_modules_next_dist_compiled_react-dom_058-ah~._.js:965:74)
    at performUnitOfWork (http://localhost:3002/_next/static/chunks/node_modules_next_dist_compiled_react-dom_058-ah~._.js:9555:97)
    at workLoopSync (http://localhost:3002/_next/static/chunks/node_modules_next_dist_compiled_react-dom_058-ah~._.js:9449:40)
    at renderRootSync (http://localhost:3002/_next/static/chunks/node_modules_next_dist_compiled_react-dom_058-ah~._.js:9433:13)
    at performWorkOnRoot (http://localhost:3002/_next/static/chunks/node_modules_next_dist_compiled_react-dom_058-ah~._.js:9061:186)
    at performSyncWorkOnRoot (http://localhost:3002/_next/static/chunks/node_modules_next_dist_compiled_react-dom_058-ah~._.js:10263:9)
    at flushSyncWorkAcrossRoots_impl (http://localhost:3002/_next/static/chunks/node_modules_next_dist_compiled_react-dom_058-ah~._.js:10179:316)
    at flushSyncWork$1 (http://localhost:3002/_next/static/chunks/node_modules_next_dist_compiled_react-dom_058-ah~._.js:9230:86)
    at Object.scheduleRefresh (http://localhost:3002/_next/static/chunks/node_modules_next_dist_compiled_react-dom_058-ah~._.js:299:13)
    at http://localhost:3002/_next/static/chunks/node_modules_next_dist_compiled_0rpq4pf._.js:391:33
    at Set.forEach (<anonymous>)
    at Object.performReactRefresh (http://localhost:3002/_next/static/chunks/node_modules_next_dist_compiled_0rpq4pf._.js:384:38)
    at applyUpdate (http://localhost:3002/_next/static/chunks/node_modules_next_dist_compiled_0rpq4pf._.js:878:31)
    at http://localhost:3002/_next/static/chunks/node_modules_next_dist_compiled_0rpq4pf._.js:886:13 @ http://localhost:3002/_next/static/chunks/node_modules_next_dist_115brz8._.js:3272
[ 2059372ms] [ERROR] IntlError: MISSING_MESSAGE: Could not resolve `onboarding` in messages for locale `en`.
    at getMessagesOrError (http://localhost:3002/_next/static/chunks/node_modules_03zhy7f._.js:4153:27)
    at createBaseTranslator (http://localhost:3002/_next/static/chunks/node_modules_03zhy7f._.js:4158:29)
    at useTranslationsImpl.useMemo[translate] (http://localhost:3002/_next/static/chunks/node_modules_03zhy7f._.js:4673:253)
    at updateMemo (http://localhost:3002/_next/static/chunks/node_modules_next_dist_compiled_react-dom_058-ah~._.js:5413:21)
    at Object.useMemo (http://localhost:3002/_next/static/chunks/node_modules_next_dist_compiled_react-dom_058-ah~._.js:15465:24)
    at exports.useMemo (http://localhost:3002/_next/static/chunks/node_modules_next_dist_compiled_0rpq4pf._.js:1742:36)
    at useTranslationsImpl (http://localhost:3002/_next/static/chunks/node_modules_03zhy7f._.js:4672:196)
    at useTranslations (http://localhost:3002/_next/static/chunks/node_modules_03zhy7f._.js:4711:12)
    at http://localhost:3002/_next/static/chunks/node_modules_03zhy7f._.js:4871:20
    at useSteps (http://localhost:3002/_next/static/chunks/src_components_SpotlightCoachmarks_tsx_099htzu._.js?id=%255Bproject%255D%252Fsrc%252Fcomponents%252FSpotlightCoachmarks.tsx+%255Bapp-client%255D+%2528ecmascript%2529:169:224)
    at SpotlightCoachmarks (http://localhost:3002/_next/static/chunks/src_components_SpotlightCoachmarks_tsx_099htzu._.js?id=%255Bproject%255D%252Fsrc%252Fcomponents%252FSpotlightCoachmarks.tsx+%255Bapp-client%255D+%2528ecmascript%2529:200:19)
    at Object.react_stack_bottom_frame (http://localhost:3002/_next/static/chunks/node_modules_next_dist_compiled_react-dom_058-ah~._.js:15037:24)
    at renderWithHooks (http://localhost:3002/_next/static/chunks/node_modules_next_dist_compiled_react-dom_058-ah~._.js:4620:24)
    at updateFunctionComponent (http://localhost:3002/_next/static/chunks/node_modules_next_dist_compiled_react-dom_058-ah~._.js:6081:21)
    at beginWork (http://localhost:3002/_next/static/chunks/node_modules_next_dist_compiled_react-dom_058-ah~._.js:6691:24)
    at runWithFiberInDEV (http://localhost:3002/_next/static/chunks/node_modules_next_dist_compiled_react-dom_058-ah~._.js:965:74)
    at performUnitOfWork (http://localhost:3002/_next/static/chunks/node_modules_next_dist_compiled_react-dom_058-ah~._.js:9555:97)
    at workLoopSync (http://localhost:3002/_next/static/chunks/node_modules_next_dist_compiled_react-dom_058-ah~._.js:9449:40)
    at renderRootSync (http://localhost:3002/_next/static/chunks/node_modules_next_dist_compiled_react-dom_058-ah~._.js:9433:13)
    at performWorkOnRoot (http://localhost:3002/_next/static/chunks/node_modules_next_dist_compiled_react-dom_058-ah~._.js:9061:186)
    at performSyncWorkOnRoot (http://localhost:3002/_next/static/chunks/node_modules_next_dist_compiled_react-dom_058-ah~._.js:10263:9)
    at flushSyncWorkAcrossRoots_impl (http://localhost:3002/_next/static/chunks/node_modules_next_dist_compiled_react-dom_058-ah~._.js:10179:316)
    at flushSyncWork$1 (http://localhost:3002/_next/static/chunks/node_modules_next_dist_compiled_react-dom_058-ah~._.js:9230:86)
    at Object.scheduleRefresh (http://localhost:3002/_next/static/chunks/node_modules_next_dist_compiled_react-dom_058-ah~._.js:299:13)
    at http://localhost:3002/_next/static/chunks/node_modules_next_dist_compiled_0rpq4pf._.js:391:33
    at Set.forEach (<anonymous>)
    at Object.performReactRefresh (http://localhost:3002/_next/static/chunks/node_modules_next_dist_compiled_0rpq4pf._.js:384:38)
    at applyUpdate (http://localhost:3002/_next/static/chunks/node_modules_next_dist_compiled_0rpq4pf._.js:878:31)
    at http://localhost:3002/_next/static/chunks/node_modules_next_dist_compiled_0rpq4pf._.js:886:13 @ http://localhost:3002/_next/static/chunks/node_modules_next_dist_115brz8._.js:3272
[ 2059372ms] [ERROR] IntlError: MISSING_MESSAGE: Could not resolve `onboarding` in messages for locale `en`.
    at getMessagesOrError (http://localhost:3002/_next/static/chunks/node_modules_03zhy7f._.js:4153:27)
    at createBaseTranslator (http://localhost:3002/_next/static/chunks/node_modules_03zhy7f._.js:4158:29)
    at useTranslationsImpl.useMemo[translate] (http://localhost:3002/_next/static/chunks/node_modules_03zhy7f._.js:4673:253)
    at updateMemo (http://localhost:3002/_next/static/chunks/node_modules_next_dist_compiled_react-dom_058-ah~._.js:5413:21)
    at Object.useMemo (http://localhost:3002/_next/static/chunks/node_modules_next_dist_compiled_react-dom_058-ah~._.js:15465:24)
    at exports.useMemo (http://localhost:3002/_next/static/chunks/node_modules_next_dist_compiled_0rpq4pf._.js:1742:36)
    at useTranslationsImpl (http://localhost:3002/_next/static/chunks/node_modules_03zhy7f._.js:4672:196)
    at useTranslations (http://localhost:3002/_next/static/chunks/node_modules_03zhy7f._.js:4711:12)
    at http://localhost:3002/_next/static/chunks/node_modules_03zhy7f._.js:4871:20
    at useSteps (http://localhost:3002/_next/static/chunks/src_components_SpotlightCoachmarks_tsx_099htzu._.js?id=%255Bproject%255D%252Fsrc%252Fcomponents%252FSpotlightCoachmarks.tsx+%255Bapp-client%255D+%2528ecmascript%2529:169:224)
    at SpotlightCoachmarks (http://localhost:3002/_next/static/chunks/src_components_SpotlightCoachmarks_tsx_099htzu._.js?id=%255Bproject%255D%252Fsrc%252Fcomponents%252FSpotlightCoachmarks.tsx+%255Bapp-client%255D+%2528ecmascript%2529:200:19)
    at Object.react_stack_bottom_frame (http://localhost:3002/_next/static/chunks/node_modules_next_dist_compiled_react-dom_058-ah~._.js:15037:24)
    at renderWithHooks (http://localhost:3002/_next/static/chunks/node_modules_next_dist_compiled_react-dom_058-ah~._.js:4620:24)
    at updateFunctionComponent (http://localhost:3002/_next/static/chunks/node_modules_next_dist_compiled_react-dom_058-ah~._.js:6081:21)
    at beginWork (http://localhost:3002/_next/static/chunks/node_modules_next_dist_compiled_react-dom_058-ah~._.js:6691:24)
    at runWithFiberInDEV (http://localhost:3002/_next/static/chunks/node_modules_next_dist_compiled_react-dom_058-ah~._.js:965:74)
    at performUnitOfWork (http://localhost:3002/_next/static/chunks/node_modules_next_dist_compiled_react-dom_058-ah~._.js:9555:97)
    at workLoopSync (http://localhost:3002/_next/static/chunks/node_modules_next_dist_compiled_react-dom_058-ah~._.js:9449:40)
    at renderRootSync (http://localhost:3002/_next/static/chunks/node_modules_next_dist_compiled_react-dom_058-ah~._.js:9433:13)
    at performWorkOnRoot (http://localhost:3002/_next/static/chunks/node_modules_next_dist_compiled_react-dom_058-ah~._.js:9061:186)
    at performSyncWorkOnRoot (http://localhost:3002/_next/static/chunks/node_modules_next_dist_compiled_react-dom_058-ah~._.js:10263:9)
    at flushSyncWorkAcrossRoots_impl (http://localhost:3002/_next/static/chunks/node_modules_next_dist_compiled_react-dom_058-ah~._.js:10179:316)
    at flushSyncWork$1 (http://localhost:3002/_next/static/chunks/node_modules_next_dist_compiled_react-dom_058-ah~._.js:9230:86)
    at Object.scheduleRefresh (http://localhost:3002/_next/static/chunks/node_modules_next_dist_compiled_react-dom_058-ah~._.js:299:13)
    at http://localhost:3002/_next/static/chunks/node_modules_next_dist_compiled_0rpq4pf._.js:391:33
    at Set.forEach (<anonymous>)
    at Object.performReactRefresh (http://localhost:3002/_next/static/chunks/node_modules_next_dist_compiled_0rpq4pf._.js:384:38)
    at applyUpdate (http://localhost:3002/_next/static/chunks/node_modules_next_dist_compiled_0rpq4pf._.js:878:31)
    at http://localhost:3002/_next/static/chunks/node_modules_next_dist_compiled_0rpq4pf._.js:886:13 @ http://localhost:3002/_next/static/chunks/node_modules_next_dist_115brz8._.js:3272
[ 2059373ms] [ERROR] IntlError: MISSING_MESSAGE: Could not resolve `onboarding` in messages for locale `en`.
    at getMessagesOrError (http://localhost:3002/_next/static/chunks/node_modules_03zhy7f._.js:4153:27)
    at createBaseTranslator (http://localhost:3002/_next/static/chunks/node_modules_03zhy7f._.js:4158:29)
    at useTranslationsImpl.useMemo[translate] (http://localhost:3002/_next/static/chunks/node_modules_03zhy7f._.js:4673:253)
    at updateMemo (http://localhost:3002/_next/static/chunks/node_modules_next_dist_compiled_react-dom_058-ah~._.js:5413:21)
    at Object.useMemo (http://localhost:3002/_next/static/chunks/node_modules_next_dist_compiled_react-dom_058-ah~._.js:15465:24)
    at exports.useMemo (http://localhost:3002/_next/static/chunks/node_modules_next_dist_compiled_0rpq4pf._.js:1742:36)
    at useTranslationsImpl (http://localhost:3002/_next/static/chunks/node_modules_03zhy7f._.js:4672:196)
    at useTranslations (http://localhost:3002/_next/static/chunks/node_modules_03zhy7f._.js:4711:12)
    at http://localhost:3002/_next/static/chunks/node_modules_03zhy7f._.js:4871:20
    at useSteps (http://localhost:3002/_next/static/chunks/src_components_SpotlightCoachmarks_tsx_099htzu._.js?id=%255Bproject%255D%252Fsrc%252Fcomponents%252FSpotlightCoachmarks.tsx+%255Bapp-client%255D+%2528ecmascript%2529:169:224)
    at SpotlightCoachmarks (http://localhost:3002/_next/static/chunks/src_components_SpotlightCoachmarks_tsx_099htzu._.js?id=%255Bproject%255D%252Fsrc%252Fcomponents%252FSpotlightCoachmarks.tsx+%255Bapp-client%255D+%2528ecmascript%2529:200:19)
    at Object.react_stack_bottom_frame (http://localhost:3002/_next/static/chunks/node_modules_next_dist_compiled_react-dom_058-ah~._.js:15037:24)
    at renderWithHooks (http://localhost:3002/_next/static/chunks/node_modules_next_dist_compiled_react-dom_058-ah~._.js:4620:24)
    at updateFunctionComponent (http://localhost:3002/_next/static/chunks/node_modules_next_dist_compiled_react-dom_058-ah~._.js:6081:21)
    at beginWork (http://localhost:3002/_next/static/chunks/node_modules_next_dist_compiled_react-dom_058-ah~._.js:6691:24)
    at runWithFiberInDEV (http://localhost:3002/_next/static/chunks/node_modules_next_dist_compiled_react-dom_058-ah~._.js:965:74)
    at performUnitOfWork (http://localhost:3002/_next/static/chunks/node_modules_next_dist_compiled_react-dom_058-ah~._.js:9555:97)
    at workLoopSync (http://localhost:3002/_next/static/chunks/node_modules_next_dist_compiled_react-dom_058-ah~._.js:9449:40)
    at renderRootSync (http://localhost:3002/_next/static/chunks/node_modules_next_dist_compiled_react-dom_058-ah~._.js:9433:13)
    at performWorkOnRoot (http://localhost:3002/_next/static/chunks/node_modules_next_dist_compiled_react-dom_058-ah~._.js:9061:186)
    at performSyncWorkOnRoot (http://localhost:3002/_next/static/chunks/node_modules_next_dist_compiled_react-dom_058-ah~._.js:10263:9)
    at flushSyncWorkAcrossRoots_impl (http://localhost:3002/_next/static/chunks/node_modules_next_dist_compiled_react-dom_058-ah~._.js:10179:316)
    at flushSyncWork$1 (http://localhost:3002/_next/static/chunks/node_modules_next_dist_compiled_react-dom_058-ah~._.js:9230:86)
    at Object.scheduleRefresh (http://localhost:3002/_next/static/chunks/node_modules_next_dist_compiled_react-dom_058-ah~._.js:299:13)
    at http://localhost:3002/_next/static/chunks/node_modules_next_dist_compiled_0rpq4pf._.js:391:33
    at Set.forEach (<anonymous>)
    at Object.performReactRefresh (http://localhost:3002/_next/static/chunks/node_modules_next_dist_compiled_0rpq4pf._.js:384:38)
    at applyUpdate (http://localhost:3002/_next/static/chunks/node_modules_next_dist_compiled_0rpq4pf._.js:878:31)
    at http://localhost:3002/_next/static/chunks/node_modules_next_dist_compiled_0rpq4pf._.js:886:13 @ http://localhost:3002/_next/static/chunks/node_modules_next_dist_115brz8._.js:3272
[ 2059373ms] [ERROR] IntlError: MISSING_MESSAGE: Could not resolve `onboarding` in messages for locale `en`.
    at getMessagesOrError (http://localhost:3002/_next/static/chunks/node_modules_03zhy7f._.js:4153:27)
    at createBaseTranslator (http://localhost:3002/_next/static/chunks/node_modules_03zhy7f._.js:4158:29)
    at useTranslationsImpl.useMemo[translate] (http://localhost:3002/_next/static/chunks/node_modules_03zhy7f._.js:4673:253)
    at updateMemo (http://localhost:3002/_next/static/chunks/node_modules_next_dist_compiled_react-dom_058-ah~._.js:5413:21)
    at Object.useMemo (http://localhost:3002/_next/static/chunks/node_modules_next_dist_compiled_react-dom_058-ah~._.js:15465:24)
    at exports.useMemo (http://localhost:3002/_next/static/chunks/node_modules_next_dist_compiled_0rpq4pf._.js:1742:36)
    at useTranslationsImpl (http://localhost:3002/_next/static/chunks/node_modules_03zhy7f._.js:4672:196)
    at useTranslations (http://localhost:3002/_next/static/chunks/node_modules_03zhy7f._.js:4711:12)
    at http://localhost:3002/_next/static/chunks/node_modules_03zhy7f._.js:4871:20
    at useSteps (http://localhost:3002/_next/static/chunks/src_components_SpotlightCoachmarks_tsx_099htzu._.js?id=%255Bproject%255D%252Fsrc%252Fcomponents%252FSpotlightCoachmarks.tsx+%255Bapp-client%255D+%2528ecmascript%2529:169:224)
    at SpotlightCoachmarks (http://localhost:3002/_next/static/chunks/src_components_SpotlightCoachmarks_tsx_099htzu._.js?id=%255Bproject%255D%252Fsrc%252Fcomponents%252FSpotlightCoachmarks.tsx+%255Bapp-client%255D+%2528ecmascript%2529:200:19)
    at Object.react_stack_bottom_frame (http://localhost:3002/_next/static/chunks/node_modules_next_dist_compiled_react-dom_058-ah~._.js:15037:24)
    at renderWithHooks (http://localhost:3002/_next/static/chunks/node_modules_next_dist_compiled_react-dom_058-ah~._.js:4620:24)
    at updateFunctionComponent (http://localhost:3002/_next/static/chunks/node_modules_next_dist_compiled_react-dom_058-ah~._.js:6081:21)
    at beginWork (http://localhost:3002/_next/static/chunks/node_modules_next_dist_compiled_react-dom_058-ah~._.js:6691:24)
    at runWithFiberInDEV (http://localhost:3002/_next/static/chunks/node_modules_next_dist_compiled_react-dom_058-ah~._.js:965:74)
    at performUnitOfWork (http://localhost:3002/_next/static/chunks/node_modules_next_dist_compiled_react-dom_058-ah~._.js:9555:97)
    at workLoopSync (http://localhost:3002/_next/static/chunks/node_modules_next_dist_compiled_react-dom_058-ah~._.js:9449:40)
    at renderRootSync (http://localhost:3002/_next/static/chunks/node_modules_next_dist_compiled_react-dom_058-ah~._.js:9433:13)
    at performWorkOnRoot (http://localhost:3002/_next/static/chunks/node_modules_next_dist_compiled_react-dom_058-ah~._.js:9061:186)
    at performSyncWorkOnRoot (http://localhost:3002/_next/static/chunks/node_modules_next_dist_compiled_react-dom_058-ah~._.js:10263:9)
    at flushSyncWorkAcrossRoots_impl (http://localhost:3002/_next/static/chunks/node_modules_next_dist_compiled_react-dom_058-ah~._.js:10179:316)
    at flushSyncWork$1 (http://localhost:3002/_next/static/chunks/node_modules_next_dist_compiled_react-dom_058-ah~._.js:9230:86)
    at Object.scheduleRefresh (http://localhost:3002/_next/static/chunks/node_modules_next_dist_compiled_react-dom_058-ah~._.js:299:13)
    at http://localhost:3002/_next/static/chunks/node_modules_next_dist_compiled_0rpq4pf._.js:391:33
    at Set.forEach (<anonymous>)
    at Object.performReactRefresh (http://localhost:3002/_next/static/chunks/node_modules_next_dist_compiled_0rpq4pf._.js:384:38)
    at applyUpdate (http://localhost:3002/_next/static/chunks/node_modules_next_dist_compiled_0rpq4pf._.js:878:31)
    at http://localhost:3002/_next/static/chunks/node_modules_next_dist_compiled_0rpq4pf._.js:886:13 @ http://localhost:3002/_next/static/chunks/node_modules_next_dist_115brz8._.js:3272
[ 2059373ms] [ERROR] IntlError: MISSING_MESSAGE: Could not resolve `onboarding` in messages for locale `en`.
    at getMessagesOrError (http://localhost:3002/_next/static/chunks/node_modules_03zhy7f._.js:4153:27)
    at createBaseTranslator (http://localhost:3002/_next/static/chunks/node_modules_03zhy7f._.js:4158:29)
    at useTranslationsImpl.useMemo[translate] (http://localhost:3002/_next/static/chunks/node_modules_03zhy7f._.js:4673:253)
    at updateMemo (http://localhost:3002/_next/static/chunks/node_modules_next_dist_compiled_react-dom_058-ah~._.js:5413:21)
    at Object.useMemo (http://localhost:3002/_next/static/chunks/node_modules_next_dist_compiled_react-dom_058-ah~._.js:15465:24)
    at exports.useMemo (http://localhost:3002/_next/static/chunks/node_modules_next_dist_compiled_0rpq4pf._.js:1742:36)
    at useTranslationsImpl (http://localhost:3002/_next/static/chunks/node_modules_03zhy7f._.js:4672:196)
    at useTranslations (http://localhost:3002/_next/static/chunks/node_modules_03zhy7f._.js:4711:12)
    at http://localhost:3002/_next/static/chunks/node_modules_03zhy7f._.js:4871:20
    at useSteps (http://localhost:3002/_next/static/chunks/src_components_SpotlightCoachmarks_tsx_099htzu._.js?id=%255Bproject%255D%252Fsrc%252Fcomponents%252FSpotlightCoachmarks.tsx+%255Bapp-client%255D+%2528ecmascript%2529:169:224)
    at SpotlightCoachmarks (http://localhost:3002/_next/static/chunks/src_components_SpotlightCoachmarks_tsx_099htzu._.js?id=%255Bproject%255D%252Fsrc%252Fcomponents%252FSpotlightCoachmarks.tsx+%255Bapp-client%255D+%2528ecmascript%2529:200:19)
    at Object.react_stack_bottom_frame (http://localhost:3002/_next/static/chunks/node_modules_next_dist_compiled_react-dom_058-ah~._.js:15037:24)
    at renderWithHooks (http://localhost:3002/_next/static/chunks/node_modules_next_dist_compiled_react-dom_058-ah~._.js:4620:24)
    at updateFunctionComponent (http://localhost:3002/_next/static/chunks/node_modules_next_dist_compiled_react-dom_058-ah~._.js:6081:21)
    at beginWork (http://localhost:3002/_next/static/chunks/node_modules_next_dist_compiled_react-dom_058-ah~._.js:6691:24)
    at runWithFiberInDEV (http://localhost:3002/_next/static/chunks/node_modules_next_dist_compiled_react-dom_058-ah~._.js:965:74)
    at performUnitOfWork (http://localhost:3002/_next/static/chunks/node_modules_next_dist_compiled_react-dom_058-ah~._.js:9555:97)
    at workLoopSync (http://localhost:3002/_next/static/chunks/node_modules_next_dist_compiled_react-dom_058-ah~._.js:9449:40)
    at renderRootSync (http://localhost:3002/_next/static/chunks/node_modules_next_dist_compiled_react-dom_058-ah~._.js:9433:13)
    at performWorkOnRoot (http://localhost:3002/_next/static/chunks/node_modules_next_dist_compiled_react-dom_058-ah~._.js:9061:186)
    at performSyncWorkOnRoot (http://localhost:3002/_next/static/chunks/node_modules_next_dist_compiled_react-dom_058-ah~._.js:10263:9)
    at flushSyncWorkAcrossRoots_impl (http://localhost:3002/_next/static/chunks/node_modules_next_dist_compiled_react-dom_058-ah~._.js:10179:316)
    at flushSyncWork$1 (http://localhost:3002/_next/static/chunks/node_modules_next_dist_compiled_react-dom_058-ah~._.js:9230:86)
    at Object.scheduleRefresh (http://localhost:3002/_next/static/chunks/node_modules_next_dist_compiled_react-dom_058-ah~._.js:299:13)
    at http://localhost:3002/_next/static/chunks/node_modules_next_dist_compiled_0rpq4pf._.js:391:33
    at Set.forEach (<anonymous>)
    at Object.performReactRefresh (http://localhost:3002/_next/static/chunks/node_modules_next_dist_compiled_0rpq4pf._.js:384:38)
    at applyUpdate (http://localhost:3002/_next/static/chunks/node_modules_next_dist_compiled_0rpq4pf._.js:878:31)
    at http://localhost:3002/_next/static/chunks/node_modules_next_dist_compiled_0rpq4pf._.js:886:13 @ http://localhost:3002/_next/static/chunks/node_modules_next_dist_115brz8._.js:3272
[ 2059373ms] [ERROR] IntlError: MISSING_MESSAGE: Could not resolve `onboarding` in messages for locale `en`.
    at getMessagesOrError (http://localhost:3002/_next/static/chunks/node_modules_03zhy7f._.js:4153:27)
    at createBaseTranslator (http://localhost:3002/_next/static/chunks/node_modules_03zhy7f._.js:4158:29)
    at useTranslationsImpl.useMemo[translate] (http://localhost:3002/_next/static/chunks/node_modules_03zhy7f._.js:4673:253)
    at updateMemo (http://localhost:3002/_next/static/chunks/node_modules_next_dist_compiled_react-dom_058-ah~._.js:5413:21)
    at Object.useMemo (http://localhost:3002/_next/static/chunks/node_modules_next_dist_compiled_react-dom_058-ah~._.js:15465:24)
    at exports.useMemo (http://localhost:3002/_next/static/chunks/node_modules_next_dist_compiled_0rpq4pf._.js:1742:36)
    at useTranslationsImpl (http://localhost:3002/_next/static/chunks/node_modules_03zhy7f._.js:4672:196)
    at useTranslations (http://localhost:3002/_next/static/chunks/node_modules_03zhy7f._.js:4711:12)
    at http://localhost:3002/_next/static/chunks/node_modules_03zhy7f._.js:4871:20
    at useSteps (http://localhost:3002/_next/static/chunks/src_components_SpotlightCoachmarks_tsx_099htzu._.js?id=%255Bproject%255D%252Fsrc%252Fcomponents%252FSpotlightCoachmarks.tsx+%255Bapp-client%255D+%2528ecmascript%2529:169:224)
    at SpotlightCoachmarks (http://localhost:3002/_next/static/chunks/src_components_SpotlightCoachmarks_tsx_099htzu._.js?id=%255Bproject%255D%252Fsrc%252Fcomponents%252FSpotlightCoachmarks.tsx+%255Bapp-client%255D+%2528ecmascript%2529:200:19)
    at Object.react_stack_bottom_frame (http://localhost:3002/_next/static/chunks/node_modules_next_dist_compiled_react-dom_058-ah~._.js:15037:24)
    at renderWithHooks (http://localhost:3002/_next/static/chunks/node_modules_next_dist_compiled_react-dom_058-ah~._.js:4620:24)
    at updateFunctionComponent (http://localhost:3002/_next/static/chunks/node_modules_next_dist_compiled_react-dom_058-ah~._.js:6081:21)
    at beginWork (http://localhost:3002/_next/static/chunks/node_modules_next_dist_compiled_react-dom_058-ah~._.js:6691:24)
    at runWithFiberInDEV (http://localhost:3002/_next/static/chunks/node_modules_next_dist_compiled_react-dom_058-ah~._.js:965:74)
    at performUnitOfWork (http://localhost:3002/_next/static/chunks/node_modules_next_dist_compiled_react-dom_058-ah~._.js:9555:97)
    at workLoopSync (http://localhost:3002/_next/static/chunks/node_modules_next_dist_compiled_react-dom_058-ah~._.js:9449:40)
    at renderRootSync (http://localhost:3002/_next/static/chunks/node_modules_next_dist_compiled_react-dom_058-ah~._.js:9433:13)
    at performWorkOnRoot (http://localhost:3002/_next/static/chunks/node_modules_next_dist_compiled_react-dom_058-ah~._.js:9061:186)
    at performSyncWorkOnRoot (http://localhost:3002/_next/static/chunks/node_modules_next_dist_compiled_react-dom_058-ah~._.js:10263:9)
    at flushSyncWorkAcrossRoots_impl (http://localhost:3002/_next/static/chunks/node_modules_next_dist_compiled_react-dom_058-ah~._.js:10179:316)
    at flushSyncWork$1 (http://localhost:3002/_next/static/chunks/node_modules_next_dist_compiled_react-dom_058-ah~._.js:9230:86)
    at Object.scheduleRefresh (http://localhost:3002/_next/static/chunks/node_modules_next_dist_compiled_react-dom_058-ah~._.js:299:13)
    at http://localhost:3002/_next/static/chunks/node_modules_next_dist_compiled_0rpq4pf._.js:391:33
    at Set.forEach (<anonymous>)
    at Object.performReactRefresh (http://localhost:3002/_next/static/chunks/node_modules_next_dist_compiled_0rpq4pf._.js:384:38)
    at applyUpdate (http://localhost:3002/_next/static/chunks/node_modules_next_dist_compiled_0rpq4pf._.js:878:31)
    at http://localhost:3002/_next/static/chunks/node_modules_next_dist_compiled_0rpq4pf._.js:886:13 @ http://localhost:3002/_next/static/chunks/node_modules_next_dist_115brz8._.js:3272
[ 2059373ms] [ERROR] IntlError: MISSING_MESSAGE: Could not resolve `onboarding` in messages for locale `en`.
    at getMessagesOrError (http://localhost:3002/_next/static/chunks/node_modules_03zhy7f._.js:4153:27)
    at createBaseTranslator (http://localhost:3002/_next/static/chunks/node_modules_03zhy7f._.js:4158:29)
    at useTranslationsImpl.useMemo[translate] (http://localhost:3002/_next/static/chunks/node_modules_03zhy7f._.js:4673:253)
    at updateMemo (http://localhost:3002/_next/static/chunks/node_modules_next_dist_compiled_react-dom_058-ah~._.js:5413:21)
    at Object.useMemo (http://localhost:3002/_next/static/chunks/node_modules_next_dist_compiled_react-dom_058-ah~._.js:15465:24)
    at exports.useMemo (http://localhost:3002/_next/static/chunks/node_modules_next_dist_compiled_0rpq4pf._.js:1742:36)
    at useTranslationsImpl (http://localhost:3002/_next/static/chunks/node_modules_03zhy7f._.js:4672:196)
    at useTranslations (http://localhost:3002/_next/static/chunks/node_modules_03zhy7f._.js:4711:12)
    at http://localhost:3002/_next/static/chunks/node_modules_03zhy7f._.js:4871:20
    at useSteps (http://localhost:3002/_next/static/chunks/src_components_SpotlightCoachmarks_tsx_099htzu._.js?id=%255Bproject%255D%252Fsrc%252Fcomponents%252FSpotlightCoachmarks.tsx+%255Bapp-client%255D+%2528ecmascript%2529:169:224)
    at SpotlightCoachmarks (http://localhost:3002/_next/static/chunks/src_components_SpotlightCoachmarks_tsx_099htzu._.js?id=%255Bproject%255D%252Fsrc%252Fcomponents%252FSpotlightCoachmarks.tsx+%255Bapp-client%255D+%2528ecmascript%2529:200:19)
    at Object.react_stack_bottom_frame (http://localhost:3002/_next/static/chunks/node_modules_next_dist_compiled_react-dom_058-ah~._.js:15037:24)
    at renderWithHooks (http://localhost:3002/_next/static/chunks/node_modules_next_dist_compiled_react-dom_058-ah~._.js:4620:24)
    at updateFunctionComponent (http://localhost:3002/_next/static/chunks/node_modules_next_dist_compiled_react-dom_058-ah~._.js:6081:21)
    at beginWork (http://localhost:3002/_next/static/chunks/node_modules_next_dist_compiled_react-dom_058-ah~._.js:6691:24)
    at runWithFiberInDEV (http://localhost:3002/_next/static/chunks/node_modules_next_dist_compiled_react-dom_058-ah~._.js:965:74)
    at performUnitOfWork (http://localhost:3002/_next/static/chunks/node_modules_next_dist_compiled_react-dom_058-ah~._.js:9555:97)
    at workLoopSync (http://localhost:3002/_next/static/chunks/node_modules_next_dist_compiled_react-dom_058-ah~._.js:9449:40)
    at renderRootSync (http://localhost:3002/_next/static/chunks/node_modules_next_dist_compiled_react-dom_058-ah~._.js:9433:13)
    at performWorkOnRoot (http://localhost:3002/_next/static/chunks/node_modules_next_dist_compiled_react-dom_058-ah~._.js:9061:186)
    at performSyncWorkOnRoot (http://localhost:3002/_next/static/chunks/node_modules_next_dist_compiled_react-dom_058-ah~._.js:10263:9)
    at flushSyncWorkAcrossRoots_impl (http://localhost:3002/_next/static/chunks/node_modules_next_dist_compiled_react-dom_058-ah~._.js:10179:316)
    at flushSyncWork$1 (http://localhost:3002/_next/static/chunks/node_modules_next_dist_compiled_react-dom_058-ah~._.js:9230:86)
    at Object.scheduleRefresh (http://localhost:3002/_next/static/chunks/node_modules_next_dist_compiled_react-dom_058-ah~._.js:299:13)
    at http://localhost:3002/_next/static/chunks/node_modules_next_dist_compiled_0rpq4pf._.js:391:33
    at Set.forEach (<anonymous>)
    at Object.performReactRefresh (http://localhost:3002/_next/static/chunks/node_modules_next_dist_compiled_0rpq4pf._.js:384:38)
    at applyUpdate (http://localhost:3002/_next/static/chunks/node_modules_next_dist_compiled_0rpq4pf._.js:878:31)
    at http://localhost:3002/_next/static/chunks/node_modules_next_dist_compiled_0rpq4pf._.js:886:13 @ http://localhost:3002/_next/static/chunks/node_modules_next_dist_115brz8._.js:3272
[ 2059374ms] [ERROR] IntlError: MISSING_MESSAGE: Could not resolve `onboarding` in messages for locale `en`.
    at getMessagesOrError (http://localhost:3002/_next/static/chunks/node_modules_03zhy7f._.js:4153:27)
    at createBaseTranslator (http://localhost:3002/_next/static/chunks/node_modules_03zhy7f._.js:4158:29)
    at useTranslationsImpl.useMemo[translate] (http://localhost:3002/_next/static/chunks/node_modules_03zhy7f._.js:4673:253)
    at updateMemo (http://localhost:3002/_next/static/chunks/node_modules_next_dist_compiled_react-dom_058-ah~._.js:5413:21)
    at Object.useMemo (http://localhost:3002/_next/static/chunks/node_modules_next_dist_compiled_react-dom_058-ah~._.js:15465:24)
    at exports.useMemo (http://localhost:3002/_next/static/chunks/node_modules_next_dist_compiled_0rpq4pf._.js:1742:36)
    at useTranslationsImpl (http://localhost:3002/_next/static/chunks/node_modules_03zhy7f._.js:4672:196)
    at useTranslations (http://localhost:3002/_next/static/chunks/node_modules_03zhy7f._.js:4711:12)
    at http://localhost:3002/_next/static/chunks/node_modules_03zhy7f._.js:4871:20
    at useSteps (http://localhost:3002/_next/static/chunks/src_components_SpotlightCoachmarks_tsx_099htzu._.js?id=%255Bproject%255D%252Fsrc%252Fcomponents%252FSpotlightCoachmarks.tsx+%255Bapp-client%255D+%2528ecmascript%2529:169:224)
    at SpotlightCoachmarks (http://localhost:3002/_next/static/chunks/src_components_SpotlightCoachmarks_tsx_099htzu._.js?id=%255Bproject%255D%252Fsrc%252Fcomponents%252FSpotlightCoachmarks.tsx+%255Bapp-client%255D+%2528ecmascript%2529:200:19)
    at Object.react_stack_bottom_frame (http://localhost:3002/_next/static/chunks/node_modules_next_dist_compiled_react-dom_058-ah~._.js:15037:24)
    at renderWithHooks (http://localhost:3002/_next/static/chunks/node_modules_next_dist_compiled_react-dom_058-ah~._.js:4620:24)
    at updateFunctionComponent (http://localhost:3002/_next/static/chunks/node_modules_next_dist_compiled_react-dom_058-ah~._.js:6081:21)
    at beginWork (http://localhost:3002/_next/static/chunks/node_modules_next_dist_compiled_react-dom_058-ah~._.js:6691:24)
    at runWithFiberInDEV (http://localhost:3002/_next/static/chunks/node_modules_next_dist_compiled_react-dom_058-ah~._.js:965:74)
    at performUnitOfWork (http://localhost:3002/_next/static/chunks/node_modules_next_dist_compiled_react-dom_058-ah~._.js:9555:97)
    at workLoopSync (http://localhost:3002/_next/static/chunks/node_modules_next_dist_compiled_react-dom_058-ah~._.js:9449:40)
    at renderRootSync (http://localhost:3002/_next/static/chunks/node_modules_next_dist_compiled_react-dom_058-ah~._.js:9433:13)
    at performWorkOnRoot (http://localhost:3002/_next/static/chunks/node_modules_next_dist_compiled_react-dom_058-ah~._.js:9061:186)
    at performSyncWorkOnRoot (http://localhost:3002/_next/static/chunks/node_modules_next_dist_compiled_react-dom_058-ah~._.js:10263:9)
    at flushSyncWorkAcrossRoots_impl (http://localhost:3002/_next/static/chunks/node_modules_next_dist_compiled_react-dom_058-ah~._.js:10179:316)
    at flushSyncWork$1 (http://localhost:3002/_next/static/chunks/node_modules_next_dist_compiled_react-dom_058-ah~._.js:9230:86)
    at Object.scheduleRefresh (http://localhost:3002/_next/static/chunks/node_modules_next_dist_compiled_react-dom_058-ah~._.js:299:13)
    at http://localhost:3002/_next/static/chunks/node_modules_next_dist_compiled_0rpq4pf._.js:391:33
    at Set.forEach (<anonymous>)
    at Object.performReactRefresh (http://localhost:3002/_next/static/chunks/node_modules_next_dist_compiled_0rpq4pf._.js:384:38)
    at applyUpdate (http://localhost:3002/_next/static/chunks/node_modules_next_dist_compiled_0rpq4pf._.js:878:31)
    at http://localhost:3002/_next/static/chunks/node_modules_next_dist_compiled_0rpq4pf._.js:886:13 @ http://localhost:3002/_next/static/chunks/node_modules_next_dist_115brz8._.js:3272
[ 2059374ms] [ERROR] IntlError: MISSING_MESSAGE: Could not resolve `onboarding` in messages for locale `en`.
    at getMessagesOrError (http://localhost:3002/_next/static/chunks/node_modules_03zhy7f._.js:4153:27)
    at createBaseTranslator (http://localhost:3002/_next/static/chunks/node_modules_03zhy7f._.js:4158:29)
    at useTranslationsImpl.useMemo[translate] (http://localhost:3002/_next/static/chunks/node_modules_03zhy7f._.js:4673:253)
    at updateMemo (http://localhost:3002/_next/static/chunks/node_modules_next_dist_compiled_react-dom_058-ah~._.js:5413:21)
    at Object.useMemo (http://localhost:3002/_next/static/chunks/node_modules_next_dist_compiled_react-dom_058-ah~._.js:15465:24)
    at exports.useMemo (http://localhost:3002/_next/static/chunks/node_modules_next_dist_compiled_0rpq4pf._.js:1742:36)
    at useTranslationsImpl (http://localhost:3002/_next/static/chunks/node_modules_03zhy7f._.js:4672:196)
    at useTranslations (http://localhost:3002/_next/static/chunks/node_modules_03zhy7f._.js:4711:12)
    at http://localhost:3002/_next/static/chunks/node_modules_03zhy7f._.js:4871:20
    at useSteps (http://localhost:3002/_next/static/chunks/src_components_SpotlightCoachmarks_tsx_099htzu._.js?id=%255Bproject%255D%252Fsrc%252Fcomponents%252FSpotlightCoachmarks.tsx+%255Bapp-client%255D+%2528ecmascript%2529:169:224)
    at SpotlightCoachmarks (http://localhost:3002/_next/static/chunks/src_components_SpotlightCoachmarks_tsx_099htzu._.js?id=%255Bproject%255D%252Fsrc%252Fcomponents%252FSpotlightCoachmarks.tsx+%255Bapp-client%255D+%2528ecmascript%2529:200:19)
    at Object.react_stack_bottom_frame (http://localhost:3002/_next/static/chunks/node_modules_next_dist_compiled_react-dom_058-ah~._.js:15037:24)
    at renderWithHooks (http://localhost:3002/_next/static/chunks/node_modules_next_dist_compiled_react-dom_058-ah~._.js:4620:24)
    at updateFunctionComponent (http://localhost:3002/_next/static/chunks/node_modules_next_dist_compiled_react-dom_058-ah~._.js:6081:21)
    at beginWork (http://localhost:3002/_next/static/chunks/node_modules_next_dist_compiled_react-dom_058-ah~._.js:6691:24)
    at runWithFiberInDEV (http://localhost:3002/_next/static/chunks/node_modules_next_dist_compiled_react-dom_058-ah~._.js:965:74)
    at performUnitOfWork (http://localhost:3002/_next/static/chunks/node_modules_next_dist_compiled_react-dom_058-ah~._.js:9555:97)
    at workLoopSync (http://localhost:3002/_next/static/chunks/node_modules_next_dist_compiled_react-dom_058-ah~._.js:9449:40)
    at renderRootSync (http://localhost:3002/_next/static/chunks/node_modules_next_dist_compiled_react-dom_058-ah~._.js:9433:13)
    at performWorkOnRoot (http://localhost:3002/_next/static/chunks/node_modules_next_dist_compiled_react-dom_058-ah~._.js:9061:186)
    at performSyncWorkOnRoot (http://localhost:3002/_next/static/chunks/node_modules_next_dist_compiled_react-dom_058-ah~._.js:10263:9)
    at flushSyncWorkAcrossRoots_impl (http://localhost:3002/_next/static/chunks/node_modules_next_dist_compiled_react-dom_058-ah~._.js:10179:316)
    at flushSyncWork$1 (http://localhost:3002/_next/static/chunks/node_modules_next_dist_compiled_react-dom_058-ah~._.js:9230:86)
    at Object.scheduleRefresh (http://localhost:3002/_next/static/chunks/node_modules_next_dist_compiled_react-dom_058-ah~._.js:299:13)
    at http://localhost:3002/_next/static/chunks/node_modules_next_dist_compiled_0rpq4pf._.js:391:33
    at Set.forEach (<anonymous>)
    at Object.performReactRefresh (http://localhost:3002/_next/static/chunks/node_modules_next_dist_compiled_0rpq4pf._.js:384:38)
    at applyUpdate (http://localhost:3002/_next/static/chunks/node_modules_next_dist_compiled_0rpq4pf._.js:878:31)
    at http://localhost:3002/_next/static/chunks/node_modules_next_dist_compiled_0rpq4pf._.js:886:13 @ http://localhost:3002/_next/static/chunks/node_modules_next_dist_115brz8._.js:3272
[ 2059374ms] [ERROR] IntlError: MISSING_MESSAGE: Could not resolve `onboarding` in messages for locale `en`.
    at getMessagesOrError (http://localhost:3002/_next/static/chunks/node_modules_03zhy7f._.js:4153:27)
    at createBaseTranslator (http://localhost:3002/_next/static/chunks/node_modules_03zhy7f._.js:4158:29)
    at useTranslationsImpl.useMemo[translate] (http://localhost:3002/_next/static/chunks/node_modules_03zhy7f._.js:4673:253)
    at updateMemo (http://localhost:3002/_next/static/chunks/node_modules_next_dist_compiled_react-dom_058-ah~._.js:5413:21)
    at Object.useMemo (http://localhost:3002/_next/static/chunks/node_modules_next_dist_compiled_react-dom_058-ah~._.js:15465:24)
    at exports.useMemo (http://localhost:3002/_next/static/chunks/node_modules_next_dist_compiled_0rpq4pf._.js:1742:36)
    at useTranslationsImpl (http://localhost:3002/_next/static/chunks/node_modules_03zhy7f._.js:4672:196)
    at useTranslations (http://localhost:3002/_next/static/chunks/node_modules_03zhy7f._.js:4711:12)
    at http://localhost:3002/_next/static/chunks/node_modules_03zhy7f._.js:4871:20
    at useSteps (http://localhost:3002/_next/static/chunks/src_components_SpotlightCoachmarks_tsx_099htzu._.js?id=%255Bproject%255D%252Fsrc%252Fcomponents%252FSpotlightCoachmarks.tsx+%255Bapp-client%255D+%2528ecmascript%2529:169:224)
    at SpotlightCoachmarks (http://localhost:3002/_next/static/chunks/src_components_SpotlightCoachmarks_tsx_099htzu._.js?id=%255Bproject%255D%252Fsrc%252Fcomponents%252FSpotlightCoachmarks.tsx+%255Bapp-client%255D+%2528ecmascript%2529:200:19)
    at Object.react_stack_bottom_frame (http://localhost:3002/_next/static/chunks/node_modules_next_dist_compiled_react-dom_058-ah~._.js:15037:24)
    at renderWithHooks (http://localhost:3002/_next/static/chunks/node_modules_next_dist_compiled_react-dom_058-ah~._.js:4620:24)
    at updateFunctionComponent (http://localhost:3002/_next/static/chunks/node_modules_next_dist_compiled_react-dom_058-ah~._.js:6081:21)
    at beginWork (http://localhost:3002/_next/static/chunks/node_modules_next_dist_compiled_react-dom_058-ah~._.js:6691:24)
    at runWithFiberInDEV (http://localhost:3002/_next/static/chunks/node_modules_next_dist_compiled_react-dom_058-ah~._.js:965:74)
    at performUnitOfWork (http://localhost:3002/_next/static/chunks/node_modules_next_dist_compiled_react-dom_058-ah~._.js:9555:97)
    at workLoopSync (http://localhost:3002/_next/static/chunks/node_modules_next_dist_compiled_react-dom_058-ah~._.js:9449:40)
    at renderRootSync (http://localhost:3002/_next/static/chunks/node_modules_next_dist_compiled_react-dom_058-ah~._.js:9433:13)
    at performWorkOnRoot (http://localhost:3002/_next/static/chunks/node_modules_next_dist_compiled_react-dom_058-ah~._.js:9061:186)
    at performSyncWorkOnRoot (http://localhost:3002/_next/static/chunks/node_modules_next_dist_compiled_react-dom_058-ah~._.js:10263:9)
    at flushSyncWorkAcrossRoots_impl (http://localhost:3002/_next/static/chunks/node_modules_next_dist_compiled_react-dom_058-ah~._.js:10179:316)
    at flushSyncWork$1 (http://localhost:3002/_next/static/chunks/node_modules_next_dist_compiled_react-dom_058-ah~._.js:9230:86)
    at Object.scheduleRefresh (http://localhost:3002/_next/static/chunks/node_modules_next_dist_compiled_react-dom_058-ah~._.js:299:13)
    at http://localhost:3002/_next/static/chunks/node_modules_next_dist_compiled_0rpq4pf._.js:391:33
    at Set.forEach (<anonymous>)
    at Object.performReactRefresh (http://localhost:3002/_next/static/chunks/node_modules_next_dist_compiled_0rpq4pf._.js:384:38)
    at applyUpdate (http://localhost:3002/_next/static/chunks/node_modules_next_dist_compiled_0rpq4pf._.js:878:31)
    at http://localhost:3002/_next/static/chunks/node_modules_next_dist_compiled_0rpq4pf._.js:886:13 @ http://localhost:3002/_next/static/chunks/node_modules_next_dist_115brz8._.js:3272
[ 2059417ms] [LOG] [Fast Refresh] done in 84ms @ http://localhost:3002/_next/static/chunks/node_modules_next_dist_115brz8._.js:2431
[ 2086548ms] [LOG] [Fast Refresh] rebuilding @ http://localhost:3002/_next/static/chunks/node_modules_next_dist_115brz8._.js:2431
[ 2086784ms] [LOG] [Fast Refresh] done in 214ms @ http://localhost:3002/_next/static/chunks/node_modules_next_dist_115brz8._.js:2431
[ 2095070ms] [LOG] [Fast Refresh] rebuilding @ http://localhost:3002/_next/static/chunks/node_modules_next_dist_115brz8._.js:2431
[ 2095149ms] [LOG] [Fast Refresh] done in 58ms @ http://localhost:3002/_next/static/chunks/node_modules_next_dist_115brz8._.js:2431
[ 2103747ms] [LOG] [Fast Refresh] rebuilding @ http://localhost:3002/_next/static/chunks/node_modules_next_dist_115brz8._.js:2431
[ 2103825ms] [LOG] [Fast Refresh] done in 112ms @ http://localhost:3002/_next/static/chunks/node_modules_next_dist_115brz8._.js:2431
[ 2111820ms] [LOG] [Fast Refresh] rebuilding @ http://localhost:3002/_next/static/chunks/node_modules_next_dist_115brz8._.js:2431
[ 2111920ms] [LOG] [Fast Refresh] done in 88ms @ http://localhost:3002/_next/static/chunks/node_modules_next_dist_115brz8._.js:2431
[ 2119989ms] [LOG] [Fast Refresh] rebuilding @ http://localhost:3002/_next/static/chunks/node_modules_next_dist_115brz8._.js:2431
[ 2120065ms] [LOG] [Fast Refresh] done in 89ms @ http://localhost:3002/_next/static/chunks/node_modules_next_dist_115brz8._.js:2431
[ 2612297ms] [LOG] [Fast Refresh] rebuilding @ http://localhost:3002/_next/static/chunks/node_modules_next_dist_115brz8._.js:2431
[ 2612482ms] [LOG] [Fast Refresh] done in 276ms @ http://localhost:3002/_next/static/chunks/node_modules_next_dist_115brz8._.js:2431
[ 2708344ms] [LOG] [Fast Refresh] rebuilding @ http://localhost:3002/_next/static/chunks/node_modules_next_dist_115brz8._.js:2431
[ 2709861ms] [LOG] [Fast Refresh] done in 1618ms @ http://localhost:3002/_next/static/chunks/node_modules_next_dist_115brz8._.js:2431
[ 2709968ms] [LOG] [Fast Refresh] rebuilding @ http://localhost:3002/_next/static/chunks/node_modules_next_dist_115brz8._.js:2431
[ 2710062ms] [LOG] [Fast Refresh] done in 195ms @ http://localhost:3002/_next/static/chunks/node_modules_next_dist_115brz8._.js:2431
[ 2711597ms] [LOG] [Fast Refresh] rebuilding @ http://localhost:3002/_next/static/chunks/node_modules_next_dist_115brz8._.js:2431
[ 2711643ms] [LOG] [Fast Refresh] done in 147ms @ http://localhost:3002/_next/static/chunks/node_modules_next_dist_115brz8._.js:2431
[ 2713969ms] [LOG] [Fast Refresh] rebuilding @ http://localhost:3002/_next/static/chunks/node_modules_next_dist_115brz8._.js:2431
[ 2713969ms] [LOG] [Fast Refresh] done in 102ms @ http://localhost:3002/_next/static/chunks/node_modules_next_dist_115brz8._.js:2431
[ 2727828ms] [LOG] [Fast Refresh] rebuilding @ http://localhost:3002/_next/static/chunks/node_modules_next_dist_115brz8._.js:2431
[ 2727864ms] [LOG] [Fast Refresh] done in 139ms @ http://localhost:3002/_next/static/chunks/node_modules_next_dist_115brz8._.js:2431
